position0based,A,C,D,E,F,G,H,I,K,L,M,N,P,Q,R,S,T,V,W,Y
0,0.0031391834,0.0041519203,0.003835896,0.003937818,0.0037470395,0.0036702207,0.005160623,0.0035676518,0.0043713516,0.00472876,0.0034949922,0.003660009,0.004658976,0.90673137,0.0041063773,0.004014311,0.0037274582,0.003862814,0.003590132,0.003889327
1,0.0072553973,0.0037263408,0.0054243077,0.004673107,0.004369451,0.005106857,0.004095195,0.007142143,0.0036842625,0.0069345403,0.007294718,0.003905654,0.0033677302,0.0032635138,0.0033079826,0.003174066,0.0035456556,0.8933475,0.0045348243,0.0038164041
2,0.0033635853,0.0038862838,0.0037231175,0.0040594586,0.0033876877,0.003748752,0.0075500235,0.0036282612,0.0042874445,0.005269067,0.0039528217,0.003849454,0.0051104943,0.90233296,0.0057822573,0.0031211015,0.0035555537,0.0030967537,0.003984595,0.003948892
3,0.0043035005,0.0049146935,0.00433189,0.004145545,0.004209033,0.004005474,0.0044041537,0.0037874125,0.0046655885,0.8955945,0.004708935,0.0042097755,0.0041648033,0.0044057798,0.004910975,0.0040344163,0.0041379337,0.005477223,0.0047022398,0.0038534836
4,0.0051239436,0.003667303,0.0034380555,0.0052561956,0.0037378618,0.005012898,0.0040407926,0.0041571166,0.0035805958,0.0069428114,0.0068645696,0.003283907,0.0035827563,0.0032344812,0.0033521638,0.0028214243,0.0032836187,0.9027404,0.004216572,0.003382964
5,0.0038638874,0.0038689168,0.003825057,0.0054352144,0.003138324,0.003299414,0.005141278,0.003738583,0.0041446523,0.004462402,0.003756465,0.003680899,0.0045766192,0.9076799,0.0043871272,0.0033349446,0.0030457168,0.0033437866,0.003432078,0.0037220104
6,0.005243786,0.0044384543,0.0046096584,0.0042777094,0.005397855,0.0040473375,0.004518801,0.0041110166,0.0038625947,0.0041946387,0.004339135,0.003680015,0.00502363,0.003981746,0.0040946947,0.8948486,0.0045576575,0.004003102,0.0042158035,0.0046208333
7,0.0051003983,0.004107206,0.0036998924,0.0048774346,0.0039207344,0.9016615,0.004305594,0.0037038622,0.0037325276,0.003635739,0.0042321812,0.0033270638,0.0038917074,0.003982926,0.0045502945,0.003656247,0.0036854362,0.004683449,0.005946841,0.0036404037
8,0.26392484,0.0036098424,0.0065048463,0.003758306,0.004964708,0.012478268,0.004664654,0.0048257466,0.0034029174,0.005652948,0.0031533805,0.0038950492,0.48257744,0.0036009764,0.0038761783,0.13633184,0.018821523,0.008463756,0.0035913652,0.00496935
9,0.010709347,0.0037649837,0.007432725,0.89099866,0.00362086,0.0061703427,0.0033634917,0.003698488,0.0049773557,0.0040516723,0.0037185268,0.0037978652,0.0039706486,0.0050330576,0.0039017333,0.003930372,0.004284315,0.005422274,0.0040650945,0.0038761597
10,0.007507637,0.0036665136,0.0043671587,0.0050240844,0.004136881,0.007075236,0.0044053206,0.0054033212,0.0034702003,0.47109914,0.026938278,0.0032929915,0.0041055917,0.0037293439,0.0036365148,0.0036834574,0.003100392,0.40963736,0.0044551753,0.0030229632
11,0.0036896255,0.0034984683,0.003438555,0.0054001864,0.004255557,0.004446542,0.0044816853,0.004424731,0.8913602,0.003576265,0.0052148406,0.004585061,0.0044261767,0.005736205,0.009633358,0.0034439142,0.0058244085,0.003941667,0.0044379733,0.003966903
12,0.004270416,0.0037603609,0.0035034227,0.0063467594,0.0045450237,0.0044807578,0.0046132766,0.0048748525,0.8896137,0.0038226082,0.0049174433,0.0061998195,0.005456796,0.0058318563,0.007158087,0.003517554,0.005735709,0.0034908177,0.004141801,0.0042221337
13,0.0051779808,0.0035766077,0.0034910962,0.003335724,0.0035087126,0.0034508726,0.004651045,0.0036174066,0.0033487875,0.004503511,0.0034214228,0.0032933247,0.90544635,0.0038036297,0.0043415064,0.006035762,0.005410801,0.003722781,0.0036466003,0.0030996883
14,0.004559423,0.0039264373,0.003745407,0.0035712298,0.0041672923,0.90709686,0.003988363,0.0036727788,0.003830835,0.0039473386,0.0040196953,0.0033712683,0.0034846503,0.003565108,0.0044390876,0.0036000272,0.0032381401,0.0040650717,0.0058472226,0.003410603
15,0.88569885,0.0044890465,0.005075752,0.004377149,0.0043547647,0.0041559064,0.004573438,0.0043489295,0.0039553675,0.0046044528,0.0046765585,0.004766054,0.004743124,0.004514738,0.0039201053,0.0074354704,0.0059756055,0.00432048,0.0044918368,0.0050572357
16,0.004796811,0.0041598245,0.004702332,0.004057766,0.0052061765,0.0037360098,0.0048961495,0.003940175,0.0043060076,0.0041989307,0.0042757425,0.0042020935,0.0049062907,0.003974785,0.0037844416,0.8943903,0.005122489,0.0035834496,0.0047769733,0.0046670446
17,0.0054289685,0.0034319777,0.0035662698,0.004143877,0.004237937,0.0050384104,0.004520196,0.00417591,0.0038979389,0.006130424,0.0064971005,0.0034798486,0.0038997978,0.0040918943,0.0036473265,0.0036857582,0.0038114216,0.897871,0.005209732,0.0036521854
18,0.0034936287,0.0037441794,0.0035073862,0.0044039157,0.003957532,0.0045302217,0.0043218117,0.0044303997,0.8903178,0.0038681347,0.005907749,0.004993894,0.0050083697,0.0053298995,0.009816821,0.0037888677,0.008462253,0.0035039994,0.0040958133,0.0036850506
19,0.0042850752,0.0028956688,0.00324498,0.0034753727,0.0061046337,0.004108811,0.0036552465,0.015106577,0.00302252,0.0069812615,0.0036362782,0.0035517868,0.0026999265,0.0034376623,0.0030970504,0.0034006205,0.003591343,0.8992665,0.0041103624,0.003455965
20,0.0043066405,0.004235039,0.003927472,0.0042543947,0.0047929566,0.0036320095,0.0038208666,0.0037216414,0.0036444694,0.0034346045,0.0039491057,0.0038324865,0.004922852,0.003902025,0.003688873,0.90122724,0.0050286385,0.0036212946,0.0043437015,0.005209358
21,0.0037700555,0.9000391,0.0038195574,0.0036861745,0.0048339497,0.005378106,0.003988741,0.004070501,0.0034360301,0.0036341515,0.004318906,0.0039834725,0.004035981,0.0038860387,0.0047641695,0.004582409,0.003532606,0.0038233711,0.0051024,0.004496139
22,0.0035214804,0.0035890762,0.0030272321,0.0061920774,0.0035912879,0.0037899576,0.0037594135,0.0035203958,0.89812523,0.003168826,0.0047250683,0.0045717233,0.0035164312,0.0076688374,0.007849246,0.0032212383,0.007776207,0.0035439618,0.0037155743,0.0035330972
23,0.8804171,0.003800258,0.0034189913,0.004405613,0.0047916267,0.0047705066,0.0046580723,0.004868029,0.0036456548,0.004317108,0.0042343484,0.004606006,0.0052034003,0.0043985643,0.003716026,0.0077442317,0.015203142,0.0037959893,0.0046170074,0.004079279
24,0.004580946,0.004163668,0.0036617245,0.0037938172,0.0065198746,0.0032705248,0.0035549982,0.0035612332,0.0035577216,0.0045723696,0.0041710646,0.0036036843,0.0046969047,0.003849104,0.0040627257,0.9007498,0.0041620503,0.0037222465,0.004176209,0.005085799
25,0.0048622587,0.0039944653,0.0038823017,0.004842402,0.0038766211,0.90190464,0.003815004,0.0036596647,0.0040104897,0.0033641101,0.0038943759,0.0038931132,0.0042021894,0.0037232847,0.006162961,0.00393457,0.0035010097,0.0039383695,0.0055868183,0.003710338
26,0.0033410504,0.0038130842,0.004248463,0.0030470088,0.005365142,0.0034566075,0.004306476,0.0037001744,0.0033574265,0.0035940255,0.0033598177,0.004333389,0.0032204455,0.0038140677,0.0034320066,0.005049813,0.003355007,0.0034909549,0.0032454112,0.910068
27,0.0058710496,0.0034205923,0.0051568635,0.0030261779,0.004516465,0.0034288291,0.0035188308,0.011121518,0.0034107466,0.0034988637,0.0057288483,0.0049377806,0.004872401,0.0036515314,0.0049434532,0.0101766335,0.8887369,0.0045340965,0.004313198,0.0031975417
28,0.0038831446,0.005042971,0.0042753695,0.0040514166,0.8884767,0.0036585776,0.0047882986,0.006155196,0.0028895233,0.010248926,0.0041995454,0.0044201314,0.0038967165,0.0051101176,0.0035892706,0.006318951,0.0037196735,0.005003108,0.0040022517,0.005316051
29,0.0058683776,0.0031134887,0.0044037565,0.0023902871,0.004105046,0.0037170306,0.0029513082,0.013520458,0.0036317396,0.0033563462,0.0040823827,0.0077355434,0.0043235687,0.0036218783,0.0055202646,0.01210293,0.8883337,0.004238146,0.003476839,0.003338152
30,0.011854365,0.004926809,0.5680376,0.00630883,0.005650514,0.017191576,0.014188439,0.013708921,0.0113072805,0.0047835545,0.004672576,0.08995226,0.005006854,0.004322226,0.018252732,0.117060885,0.06289341,0.0063835885,0.0034059202,0.009947736
31,0.0038511523,0.0041770507,0.0054927585,0.0036106673,0.010505141,0.003369311,0.011223745,0.0043376437,0.003825711,0.0063107535,0.0037092352,0.00674794,0.004270906,0.0049899323,0.004354092,0.008516332,0.004135801,0.0044620857,0.0038920993,0.87885815
32,0.027970273,0.007987534,0.2321387,0.010160282,0.028505184,0.06448059,0.035608817,0.008144748,0.007306169,0.008833173,0.004918962,0.027651476,0.008603861,0.0058646826,0.0069885445,0.030393455,0.014562696,0.16992259,0.0080907885,0.2680726
33,0.0029483018,0.0041795555,0.0038111021,0.00409323,0.012717007,0.005294164,0.0025411197,0.83424675,0.0036142336,0.02138796,0.035145566,0.004080522,0.0024836021,0.002173938,0.0036216308,0.004795242,0.005066529,0.020011125,0.0026276135,0.0039264997
34,0.0027587821,0.0024607198,0.0030691396,0.0018470205,0.0027592545,0.003620038,0.09575235,0.0055380184,0.0028942095,0.003654343,0.002370659,0.8154833,0.0028877442,0.0031042623,0.0030348978,0.016283667,0.010137361,0.0029308412,0.0022191445,0.006058556
35,0.003527734,0.005284523,0.003405771,0.0032167083,0.003518833,0.005599352,0.0035057578,0.0034613116,0.0036379031,0.004569711,0.004042841,0.0036429283,0.003483017,0.0035643615,0.0048581315,0.0037827482,0.0032254695,0.0032647867,0.9070198,0.0038527166
36,0.0050058155,0.0036616342,0.003489632,0.0033202202,0.004424622,0.004795934,0.0034915328,0.0066020326,0.003067943,0.008584748,0.0058596125,0.0037431663,0.0033921713,0.0031744777,0.00363329,0.0031734107,0.003209442,0.903028,0.003533138,0.003120046
37,0.0033660063,0.004213023,0.003409507,0.0031951421,0.003967619,0.0047773346,0.0041899816,0.004134194,0.004192502,0.004211336,0.003979558,0.0034653365,0.0038450789,0.004885419,0.90418327,0.004450813,0.0037617865,0.0032302614,0.004318832,0.0039841356
38,0.003263874,0.0037301409,0.0034929807,0.0042063175,0.0034506998,0.003693868,0.0053880154,0.0033339793,0.0047382484,0.0048699067,0.0036410156,0.00333225,0.0051925555,0.906248,0.005868808,0.0029920589,0.0031144698,0.0032257058,0.003644719,0.0036924626
39,0.8899532,0.0044964342,0.004407399,0.0046027107,0.0044483016,0.005307141,0.004631759,0.004242537,0.003897549,0.0042871675,0.004321622,0.004233914,0.004142258,0.0049656914,0.0040922603,0.0048526325,0.00535991,0.005505501,0.0047104363,0.0040207068
40,0.0056829164,0.0037585828,0.003413947,0.0029271522,0.003812189,0.0032967527,0.0047332733,0.0034976006,0.0033967802,0.0042671044,0.0033568607,0.0033662636,0.9019833,0.0035201078,0.0053669806,0.0063850856,0.008528404,0.003202319,0.003519977,0.0031923556
41,0.0047724755,0.0047224937,0.0035612052,0.0039670984,0.0041881274,0.8996469,0.003828627,0.004191604,0.0041965037,0.0038471674,0.004412735,0.0037798134,0.0039052868,0.003766943,0.004757024,0.0038621144,0.0037265362,0.004563978,0.0050407746,0.003785921
42,0.0038399107,0.0033221883,0.0034526915,0.0048276326,0.003512511,0.003544837,0.0063530733,0.0034844535,0.006108336,0.004869579,0.0035279403,0.003639648,0.004911454,0.9049512,0.0059021288,0.0026323802,0.0034155527,0.0035570993,0.0037933362,0.0033280563
43,0.0039552576,0.0038575444,0.0030951046,0.0032852131,0.003940046,0.89319205,0.004255668,0.0039617848,0.004245894,0.0035572052,0.0037597725,0.0033309355,0.004051692,0.004359094,0.015647426,0.005139046,0.0034462542,0.0037275457,0.0058349925,0.0038609433
44,0.003971447,0.004573976,0.0039483877,0.004085798,0.008538898,0.0037062957,0.0042396937,0.0048884256,0.0040455456,0.89305294,0.00348239,0.0038921202,0.007141095,0.0042568836,0.0063970196,0.003280926,0.004147121,0.004719834,0.003932972,0.0041283597
45,0.0061520683,0.0041045994,0.0053408723,0.89758044,0.0036981222,0.0059952047,0.0037751994,0.0036024356,0.0048131244,0.003632011,0.0038653188,0.0039205407,0.0035643983,0.006925481,0.0040127677,0.0030694525,0.0031715434,0.0046321144,0.0040254854,0.004006044
46,0.0036850031,0.005485305,0.0032202331,0.0034746078,0.0042405445,0.007031429,0.003476822,0.0036531612,0.0038127452,0.0054878714,0.0037180013,0.003366381,0.0036993641,0.0037284887,0.005781621,0.0042402153,0.003272545,0.0037121377,0.9008598,0.0050059315
47,0.0049338485,0.004873364,0.005037793,0.0044635246,0.0056294063,0.00633564,0.004133443,0.2401144,0.00647869,0.031784087,0.5673039,0.0048926226,0.0052074813,0.0037865692,0.011271578,0.005159514,0.006827574,0.04759282,0.004772367,0.0045535113
48,0.007900362,0.0040612174,0.0035259307,0.0033406965,0.004403653,0.9012985,0.0047644572,0.0040466264,0.00382882,0.0033575431,0.0039062474,0.0032881512,0.0043519945,0.004157114,0.004598645,0.0040706126,0.0034836726,0.004537181,0.004549365,0.0040148883
49,0.005009411,0.006364183,0.004678721,0.0042665233,0.0062694964,0.015230743,0.0047962605,0.0063160146,0.0041013304,0.0077594086,0.009187701,0.0040066154,0.003548052,0.0046380693,0.013337604,0.006729669,0.005891141,0.00834521,0.85408384,0.0057805358
50,0.004047861,0.0046225158,0.0041486556,0.0035405352,0.00436872,0.0045531443,0.002900178,0.87564725,0.0038570922,0.0088522,0.012779447,0.006582952,0.0034243157,0.0023657552,0.004932675,0.008982862,0.006534686,0.009050627,0.002810953,0.0040948177
51,0.0022024484,0.0028251128,0.006732952,0.0024105513,0.0034954587,0.0030254007,0.0071938015,0.0079439785,0.0052754944,0.0043337652,0.0030719787,0.90025145,0.0021041129,0.0022279373,0.0021423413,0.010894866,0.005426933,0.004622321,0.002790465,0.005892183
52,0.011831393,0.0021582928,0.003806423,0.0018035352,0.0021223254,0.0039426354,0.0036794536,0.0031198678,0.0017644794,0.0041327546,0.002084818,0.0023158183,0.9052505,0.0014658094,0.0028566173,0.010489758,0.021799117,0.003129263,0.0019498448,0.0023508943
53,0.013687742,0.007860048,0.03964415,0.010879149,0.015867097,0.29201156,0.036862023,0.035396695,0.05593457,0.011543619,0.021781135,0.17890856,0.010028707,0.015123203,0.022481069,0.062555976,0.042435512,0.012481772,0.0072246105,0.07471768
54,0.0036229917,0.0023409824,0.006840959,0.0023456845,0.0039913636,0.00667103,0.0033973537,0.0039621536,0.0036585405,0.0022934827,0.0015877978,0.018898683,0.001993751,0.0023254002,0.0035839071,0.9021149,0.011608454,0.0026682771,0.0021856616,0.0045981426
55,0.005773294,0.0042030574,0.010497433,0.0037933332,0.0037838975,0.89264566,0.004780027,0.003717814,0.0030278454,0.002942291,0.0035493951,0.0069471654,0.00347007,0.0037290421,0.005880905,0.005343254,0.0044285012,0.004198092,0.0035432368,0.004340875
56,0.017735228,0.0063806092,0.19412601,0.02604596,0.0071980436,0.03833688,0.028156234,0.010634441,0.039574217,0.008653932,0.004631895,0.17161082,0.0051166415,0.0118516935,0.011603764,0.01988287,0.32825816,0.017602123,0.007140986,0.01823983
57,0.012977093,0.0045101354,0.0048022647,0.0035887759,0.0055048545,0.0051526795,0.004273714,0.008637187,0.005515643,0.0039024733,0.005731523,0.0043452214,0.008548671,0.0044483608,0.010721919,0.006993287,0.8624438,0.0068360544,0.0050717667,0.0038465043
58,0.029660983,0.007893615,0.067893006,0.014837604,0.009181122,0.1229762,0.022818917,0.0152819855,0.04897008,0.011487613,0.007422243,0.22044624,0.0071178684,0.011613771,0.041089397,0.03965309,0.042823754,0.018541867,0.007933775,0.2245096
59,0.0049390965,0.004452864,0.006157371,0.0042137066,0.007996771,0.004341895,0.004755893,0.005757683,0.0039692298,0.0047424776,0.0042651575,0.006025659,0.004747792,0.00357222,0.0049367794,0.010469532,0.005390803,0.005477302,0.0040947874,0.8803061
60,0.89338505,0.003414948,0.0034742411,0.007064764,0.0039425604,0.0056960136,0.0034104972,0.004079935,0.0028746077,0.0053263237,0.0033850055,0.005142157,0.0045300415,0.0046628998,0.0036742506,0.010150036,0.0062107462,0.0037298251,0.0038282603,0.0037681363
61,0.007632715,0.004672073,0.007951496,0.45679852,0.0050331,0.0058634905,0.013281287,0.004506275,0.011557567,0.008891895,0.0043984484,0.005781902,0.019157907,0.3818016,0.014321576,0.0045521073,0.006176029,0.0058644526,0.005069289,0.005385708
62,0.0031002245,0.002677746,0.0032447174,0.0044403756,0.0029163854,0.0035237772,0.0037620934,0.0032486327,0.898801,0.0029735402,0.004606981,0.0143095935,0.0029636158,0.004821115,0.010872449,0.0052517923,0.0055407253,0.0027592382,0.0029864796,0.0028994756
63,0.0034886366,0.007938458,0.003685645,0.0035179358,0.8963723,0.0034756688,0.0030770937,0.00510387,0.0033387446,0.0096845785,0.0036058268,0.0031600967,0.0030630708,0.0031226268,0.0035719003,0.0052967053,0.0032162743,0.0076592187,0.0034049442,0.0051809372
64,0.005278806,0.0042062555,0.0051052254,0.016276576,0.0051501086,0.004788119,0.018849567,0.004001447,0.28106183,0.009390009,0.0037264773,0.0040084864,0.006165514,0.55809754,0.028221836,0.0040587746,0.0056001204,0.0052607516,0.004531169,0.005400841
65,0.0049154744,0.004793151,0.014361733,0.0038804717,0.0031535814,0.8954802,0.0034897379,0.0040539405,0.0031465667,0.0032136021,0.0036169596,0.0042835074,0.004311331,0.003588131,0.004376893,0.0044243387,0.0035897738,0.0048302743,0.0047321026,0.0035417464
66,0.0033586347,0.0032788394,0.0030619397,0.003568401,0.0037212612,0.0049959584,0.003563633,0.004045842,0.005015945,0.003379896,0.0036138885,0.0037875338,0.0034869295,0.0036281988,0.9101749,0.005137824,0.0043380125,0.0031453993,0.003937441,0.0032863528
67,0.004931254,0.003880844,0.0035759273,0.0033094448,0.0068586012,0.0060577355,0.0034987687,0.008764152,0.0031977189,0.012999677,0.004137824,0.004305224,0.003221241,0.003130318,0.0032609717,0.003681463,0.0032677085,0.8929403,0.0042363037,0.0036213363
68,0.00756576,0.0045814402,0.0049699657,0.0036039825,0.0048340554,0.0034467585,0.0047108117,0.0074016894,0.0041757636,0.0033562805,0.004685848,0.0050727013,0.0046925647,0.0050102663,0.005095305,0.00902023,0.88403535,0.004509771,0.0042396137,0.003921166
69,0.0041644536,0.0045575276,0.0036594125,0.0036325902,0.03295784,0.0037793447,0.0046510943,0.30734575,0.0040576854,0.48594207,0.053070217,0.0044281557,0.004306881,0.0036315147,0.004822604,0.0059226314,0.0065230946,0.03368087,0.005224212,0.0047823004
70,0.006243527,0.0046849386,0.0055763656,0.002914408,0.005057004,0.0034904224,0.0039601848,0.0067213466,0.0034530065,0.0032828972,0.003828441,0.005179468,0.004764408,0.004233384,0.0052978094,0.00873412,0.88784677,0.004006654,0.0044034757,0.0039282423
71,0.65816545,0.0073457696,0.0053788484,0.009249059,0.006885376,0.010260579,0.008216451,0.007406127,0.0082707405,0.007437749,0.0067116194,0.0071005747,0.0064798994,0.010750763,0.14723215,0.013103105,0.018551273,0.0051826215,0.01586412,0.0062506273
72,0.0045181382,0.0030343991,0.9073465,0.0058394047,0.0032204443,0.004675927,0.0042514224,0.003055219,0.0031462254,0.0032516837,0.0030525527,0.008816725,0.0033610247,0.0032079702,0.0030186197,0.003845073,0.0034345197,0.003850306,0.0030670525,0.0049419673
73,0.014854657,0.004612634,0.0076122293,0.021550557,0.005803939,0.0053455695,0.0061061336,0.009305251,0.55653054,0.0064841826,0.0077495044,0.004597419,0.009231979,0.0060002664,0.010043247,0.009683449,0.27457136,0.008449443,0.00473794,0.00487911
74,0.006368926,0.0038485457,0.003992758,0.0030892114,0.005400829,0.0034764567,0.003039537,0.003149642,0.0031407813,0.0045157233,0.0036023336,0.0030637856,0.004639999,0.003037952,0.003508603,0.906597,0.006138424,0.0034454935,0.0036955765,0.004822961
75,0.00530418,0.0031378684,0.0032028926,0.0027924764,0.0033401207,0.0022753058,0.0024261954,0.0061554094,0.0037884552,0.0031741618,0.00436897,0.0025205342,0.0027893756,0.0043378696,0.0075930194,0.0039578313,0.9169435,0.0031115243,0.0027564,0.0024886283
76,0.008187234,0.0044615753,0.0121392505,0.0042444016,0.0037649283,0.019834466,0.003979493,0.007549018,0.0072567635,0.003803478,0.0044990215,0.6527448,0.0035659901,0.00443746,0.027971003,0.1443154,0.056144956,0.0045078644,0.0032725614,0.004800812
77,0.006364036,0.0039869277,0.003556454,0.0029570519,0.0039110756,0.0032394207,0.003866994,0.005977198,0.0036919198,0.0032323892,0.0043788,0.004129842,0.004189378,0.0041706264,0.0043393755,0.004885694,0.90035033,0.004340185,0.0040784883,0.003665826
78,0.88503045,0.0035357387,0.0037518064,0.0035034574,0.0048483433,0.00580248,0.003307002,0.0043959795,0.0026162697,0.0045667645,0.0038593234,0.0035769613,0.0034063023,0.003702916,0.0033756148,0.00482011,0.0059708823,0.023361806,0.0048600575,0.00403177
79,0.0038727142,0.0039836275,0.0056956867,0.0041680275,0.005580129,0.0035501234,0.0051201866,0.004259543,0.003751101,0.0039901733,0.0041771536,0.004073085,0.0040776087,0.004107084,0.0037411444,0.0056323214,0.0038885109,0.004071209,0.004097599,0.8955226
80,0.004505641,0.0037659258,0.0030985533,0.00371512,0.0029783822,0.0032052079,0.0039588474,0.006444921,0.003644945,0.011306071,0.89784586,0.0036162506,0.0027140186,0.0035221598,0.006300327,0.0031594317,0.003886149,0.006796775,0.0037497217,0.0032802802
81,0.0058694296,0.0027795974,0.013311578,0.90498793,0.0027916196,0.0057233004,0.003915811,0.0026134101,0.0040220586,0.0027134726,0.0025424135,0.0034159112,0.0030512249,0.0075194463,0.0031968679,0.0030781236,0.002878699,0.0043725893,0.003249688,0.0029101097
82,0.002852004,0.0035694803,0.0026970948,0.0027296836,0.0052521206,0.0028005512,0.0032288511,0.004818194,0.003036914,0.89986587,0.008597605,0.0031407382,0.0039225696,0.0033598074,0.006108452,0.0029503368,0.0030053852,0.01615956,0.0034680776,0.0029949264
83,0.0037781647,0.0036380894,0.004867405,0.0034049093,0.0042385836,0.006130722,0.0043818955,0.0049071815,0.004040032,0.0029737542,0.0031738682,0.010220961,0.0033134941,0.0031101834,0.01375227,0.8854771,0.010810393,0.003012891,0.0035454466,0.004389206
84,0.005010305,0.004657033,0.0055589573,0.0041268626,0.004631881,0.0111955805,0.004182922,0.0049826275,0.003628442,0.004557638,0.004204918,0.008341207,0.0041721733,0.0043200036,0.009046575,0.877906,0.0052198493,0.003911782,0.0037192788,0.004061512
85,0.0048008724,0.004667029,0.0044563264,0.004065497,0.0042506224,0.0038828608,0.004658289,0.004576099,0.0036015369,0.8903924,0.005190184,0.0044763563,0.0053263395,0.0047083856,0.005779115,0.003876303,0.0038140598,0.0058813724,0.004452433,0.004567634
86,0.004251184,0.00291355,0.002564407,0.0032612088,0.0026660096,0.0054912874,0.0022673013,0.0057377494,0.012034853,0.002470905,0.0035821695,0.0030815685,0.0022573378,0.0037674017,0.12390629,0.007026462,0.7903854,0.0027805066,0.0036569622,0.002850481
87,0.006409387,0.0037810428,0.00330957,0.0033386718,0.0140155405,0.0032526203,0.0031689003,0.0038733385,0.0027897202,0.004722807,0.0033333285,0.003370939,0.006760343,0.0032975588,0.0036105104,0.8911828,0.005547505,0.00438327,0.0034212244,0.009822672
88,0.007891463,0.0037407542,0.029486328,0.87306905,0.0033289306,0.007994284,0.0040807393,0.0028925338,0.0038042585,0.0033581431,0.0040563513,0.004437852,0.0033918484,0.005042526,0.0043592546,0.0036331657,0.0035457965,0.004384261,0.004110949,0.004411971
89,0.0054741,0.0035409844,0.90607107,0.0054975064,0.00347708,0.00525353,0.004330072,0.00318081,0.0033899983,0.00331005,0.0039560744,0.004565188,0.0035098314,0.0034456134,0.0034919626,0.003247669,0.0033468727,0.0038567665,0.003624384,0.004670165
90,0.005939481,0.003906978,0.0042516007,0.003015722,0.004280572,0.0037151172,0.0033169668,0.0041571977,0.0035953557,0.0032074742,0.00546511,0.0038331517,0.003889147,0.0040730033,0.0042125164,0.0065642726,0.90074956,0.0033508723,0.004045786,0.0038583812
91,0.8960959,0.0043606735,0.0040971437,0.0043944344,0.0039750324,0.0064631966,0.004430352,0.0035166491,0.0032966512,0.003762331,0.004417583,0.004006864,0.0038633167,0.0044819387,0.0041239434,0.0046218405,0.004629501,0.0034768244,0.0048367465,0.004198687
92,0.0040724473,0.0029416862,0.0026537348,0.0031716053,0.0050397543,0.0041629933,0.002759333,0.016451074,0.0034823685,0.010932124,0.012834282,0.0029194772,0.002828563,0.0026428746,0.0036955327,0.002828347,0.005105772,0.88978595,0.00412922,0.003080868
93,0.0037805755,0.004186546,0.0054003266,0.0039388565,0.0063948496,0.0037095554,0.004081241,0.0041184532,0.0038675321,0.0035711871,0.0038229297,0.003669528,0.0039831516,0.003936748,0.0037158472,0.0040266095,0.0038710656,0.0041119736,0.0040827435,0.900723
94,0.0029357146,0.005637166,0.006016479,0.00295827,0.572888,0.0024811954,0.008538363,0.0036616782,0.0032775963,0.0051764706,0.0025477693,0.0041714334,0.0025399902,0.0031338427,0.0027983654,0.007986236,0.0029669704,0.0040333834,0.003934999,0.3369989
95,0.003963418,0.89961743,0.0037063523,0.0038652895,0.004804979,0.007380985,0.003657461,0.0035373645,0.0035825896,0.0038076506,0.0036993816,0.0037073297,0.0036670428,0.003827162,0.0050194957,0.004083034,0.0037001222,0.004139825,0.00658929,0.0043654037
96,0.88742554,0.0039219325,0.0036984351,0.005138097,0.004141847,0.005315068,0.004195369,0.0039111176,0.0038745832,0.0040164976,0.004332277,0.004240768,0.0033869278,0.004522476,0.004691207,0.005207305,0.00709311,0.009437924,0.005142384,0.0039573098
97,0.006748266,0.0044642147,0.004298074,0.004448301,0.0042117178,0.0076728477,0.004178061,0.005022572,0.0065724864,0.004969327,0.004514656,0.0039759562,0.004087345,0.004094715,0.8824036,0.009024901,0.0071897735,0.0050970344,0.0048277588,0.0038956457
98,0.050521936,0.0067259027,0.14486915,0.06419556,0.008139503,0.17654133,0.008782657,0.010595147,0.007878686,0.013529056,0.008505781,0.010146647,0.011467029,0.00925675,0.32739398,0.028265677,0.014926401,0.05771555,0.010111445,0.0076379525
99,0.0139860455,0.0037259043,0.01385207,0.008831588,0.0069006686,0.76789826,0.008257054,0.008498845,0.0072498303,0.01942146,0.005681401,0.01216624,0.020049864,0.0062199784,0.024939131,0.019215383,0.011289994,0.011529304,0.006176499,0.007676881
100,0.021847263,0.0049730516,0.18318504,0.018027302,0.010104062,0.052904386,0.021182626,0.009444617,0.009838758,0.015237254,0.006902703,0.022106979,0.017468391,0.008658003,0.49520177,0.026981672,0.015950907,0.0135066705,0.008123391,0.017293962
101,0.0053304047,0.0023554703,0.014624292,0.0049555483,0.009076879,0.013992677,0.008129575,0.0041497024,0.0034820847,0.00810296,0.003009554,0.008844247,0.0051493756,0.0026942398,0.008908667,0.009643849,0.005632892,0.0063082147,0.0036876323,0.8620713
102,0.0062983776,0.002833712,0.007912856,0.0032394335,0.0063987193,0.8949035,0.004876766,0.0033227156,0.002526162,0.0045357468,0.0023838978,0.00519288,0.0036872334,0.0022090946,0.0058809747,0.008821869,0.0039973618,0.0052541024,0.0037205145,0.009570531
103,0.01169859,0.0032662835,0.86654526,0.008910748,0.0053486666,0.010968207,0.006492792,0.004474759,0.0038512717,0.004412777,0.003283201,0.00799831,0.006029486,0.0032328467,0.004195525,0.00844369,0.006532953,0.007627369,0.0031840391,0.009140913
104,0.005771805,0.0031219644,0.015399401,0.005693273,0.0063383323,0.010465891,0.006422092,0.004254073,0.004230684,0.008844676,0.003192008,0.008301687,0.005299232,0.0035029645,0.006763396,0.010109837,0.008592147,0.0070379353,0.009402259,0.85301757
105,0.7687685,0.005207505,0.011201907,0.0078106914,0.0057173544,0.086266354,0.0043895044,0.0044751423,0.0034131822,0.0068081054,0.0029493663,0.0064547504,0.009026047,0.0043691876,0.0061339457,0.0072757737,0.0068614567,0.014640293,0.0065819966,0.015624825
106,0.0062482534,0.0054268083,0.0049534445,0.004979174,0.054686993,0.0062354547,0.0042681615,0.013517906,0.005608854,0.037075214,0.76491565,0.005700088,0.006019647,0.0041426118,0.0069212066,0.0068629985,0.009619477,0.016001515,0.0054944945,0.008499034
107,0.0064382935,0.003254429,0.9023402,0.00614266,0.0033977176,0.0067116558,0.00443917,0.0033618994,0.0031303002,0.003630244,0.0033505943,0.0062928973,0.0034186197,0.0032450554,0.0031358772,0.0040818346,0.0035654104,0.004764258,0.003283467,0.004511169
108,0.0077699614,0.007434937,0.00774051,0.0048145414,0.017384462,0.007746307,0.008149395,0.008599472,0.00428513,0.01001633,0.0045999205,0.009044449,0.0080907075,0.0054402216,0.0040859976,0.012598614,0.004866574,0.7634774,0.0057660253,0.07223965
109,0.003922851,0.005601167,0.003463636,0.0037583667,0.0040812986,0.005680587,0.0037792234,0.003974289,0.0040112915,0.0049010324,0.0042649405,0.0036783202,0.0036907608,0.0038811602,0.0050947755,0.0038164016,0.003665626,0.0038661307,0.8992668,0.0043035713
110,0.004771157,0.0045901514,0.0048180153,0.0042428183,0.004203063,0.89578897,0.004074576,0.004150421,0.004084304,0.0037916726,0.004255843,0.0040410464,0.004275875,0.0041676867,0.004435872,0.005154663,0.0038525471,0.0043548984,0.004489702,0.0040139905
111,0.0032604572,0.0037727347,0.004090247,0.0043794555,0.0038619852,0.0036366025,0.0063452236,0.003767464,0.0054493425,0.005815063,0.003794464,0.003952778,0.0068466263,0.8951085,0.007916273,0.0035444184,0.003655649,0.0035033869,0.0041391486,0.0036799272
112,0.0046801176,0.004362996,0.0045727147,0.0052118427,0.004310086,0.89708465,0.0040692603,0.0040306216,0.0040926547,0.0037353795,0.0043314756,0.0037415633,0.004206873,0.004156938,0.004978813,0.0042874496,0.0035649512,0.0042505907,0.0045245057,0.0039581847
113,0.0069549354,0.0041299555,0.0037062415,0.003708577,0.0040358705,0.0036314556,0.004057153,0.0051749325,0.0041547525,0.003974001,0.004536515,0.003913556,0.005176033,0.004370772,0.0038855139,0.005704126,0.89514005,0.0034845653,0.0042467276,0.0040046866
114,0.020995926,0.003577174,0.0035093117,0.004029634,0.0043233866,0.004870422,0.0039268634,0.009797914,0.007209638,0.07667454,0.013364411,0.0052755442,0.012013429,0.0039237337,0.0069410335,0.018655522,0.7675678,0.0054374565,0.004140599,0.0039808303
115,0.0043573678,0.0036804879,0.004554185,0.003679165,0.0044125863,0.004752268,0.0039679017,0.007833724,0.0036065313,0.0050842348,0.004019871,0.0035618513,0.0037447168,0.004053316,0.0036696182,0.0038382267,0.0039395057,0.9005381,0.0037369558,0.0037826775
116,0.00653995,0.0039223237,0.003711999,0.0033937714,0.004417482,0.0036378044,0.003555411,0.012729199,0.0034011554,0.0035867663,0.0037043833,0.004435666,0.0041942163,0.0041485243,0.0034123203,0.007599531,0.89235336,0.0042829667,0.0034127547,0.003951745
117,0.004877162,0.0037696615,0.004735317,0.0034896452,0.004119633,0.005066245,0.004229971,0.00539523,0.003951677,0.0038419717,0.0038528617,0.0037861574,0.0039085955,0.004017229,0.003872954,0.0034963759,0.0034369128,0.90267193,0.003920962,0.0036311597
118,0.0052114055,0.0037616794,0.0043494836,0.0038241982,0.0044625127,0.003597761,0.0040254374,0.0037968196,0.0038286445,0.0036213633,0.0038019107,0.003983014,0.0042022537,0.0038232666,0.003741324,0.9027131,0.0054023266,0.0038177955,0.0038170037,0.0049002604
119,0.0052223005,0.00409354,0.0042742845,0.0040683164,0.0041300766,0.0036907443,0.0044931863,0.004079899,0.0039015093,0.0039465884,0.0043122414,0.0041357954,0.004767668,0.0037276777,0.003918283,0.89941883,0.0050146226,0.0036598635,0.004106316,0.0043598907
