raw_pos,id,chain,input_aa,A,C,D,E,F,G,H,I,K,L,M,N,P,Q,R,S,T,V,W,Y
0,demo_HC,H,E,0.006216531153768301,0.008705059997737408,0.007427258417010307,0.3486885726451874,0.006323033012449741,0.008636287413537502,0.0070510548539459705,0.006697147618979216,0.010374913923442364,0.007972845807671547,0.006773836445063353,0.007063283585011959,0.00801816862076521,0.48067399859428406,0.00718338368460536,0.009058198891580105,0.007407970726490021,0.007829897105693817,0.006916990038007498,0.007753147277981043
1,demo_HC,H,V,0.0074303532019257545,0.003292055567726493,0.005599048919975758,0.00452208099886775,0.003972829319536686,0.005541084334254265,0.0035276489797979593,0.006249806843698025,0.0031058797612786293,0.0065050930716097355,0.005932898260653019,0.0035116395447403193,0.0030850707553327084,0.0026617806870490313,0.0029780766926705837,0.0031324359588325024,0.0030800276435911655,0.903657078742981,0.003654117463156581,0.00343099283054471
2,demo_HC,H,Q,0.003494871314615011,0.003620765870437026,0.0036151332315057516,0.004548993892967701,0.003523405874148011,0.003454293357208371,0.011715416796505451,0.003573954338207841,0.0052931541576981544,0.00629947055131197,0.00388807849958539,0.004116641823202372,0.00540487514808774,0.8935662508010864,0.007978883571922779,0.0029945422429591417,0.0039652627892792225,0.0031577448826283216,0.004047166556119919,0.004035019315779209
3,demo_HC,H,L,0.004294666927307844,0.005060919094830751,0.004191058222204447,0.003929791506379843,0.004326961934566498,0.003745505353435874,0.004210602026432753,0.003839937038719654,0.004307920578867197,0.8954607248306274,0.005093714687973261,0.004314074758440256,0.004319900646805763,0.004225620999932289,0.004792783409357071,0.003928480204194784,0.0041675507090985775,0.006478395778685808,0.004664313979446888,0.003773953067138791
4,demo_HC,H,Q,0.010460171848535538,0.0044475700706243515,0.005076652858406305,0.008754494599997997,0.006591553799808025,0.009770086035132408,0.007072372827678919,0.009513002820312977,0.004561275243759155,0.02238014154136181,0.02238844707608223,0.003908241167664528,0.005007775034755468,0.023721154779195786,0.005356455687433481,0.00431502889841795,0.0054002124816179276,0.8080208897590637,0.005841463804244995,0.004337618127465248
5,demo_HC,H,Q,0.003940811846405268,0.003574125235900283,0.0037071339320391417,0.008200548589229584,0.0031920894980430603,0.003237823024392128,0.004884758498519659,0.003376106498762965,0.004120008088648319,0.0042165773920714855,0.003547780914232135,0.0034804134629666805,0.0046378192491829395,0.9084827303886414,0.004624842666089535,0.0029335212893784046,0.002878142986446619,0.0030879778787493706,0.0032264627516269684,0.003491810290142894
6,demo_HC,H,S,0.005044365767389536,0.004296652972698212,0.004426933825016022,0.00397134106606245,0.005978644359856844,0.0038461266085505486,0.004360333550721407,0.0038642024155706167,0.004038766957819462,0.004338155500590801,0.004284283146262169,0.0036446163430809975,0.00547564122825861,0.003767121583223343,0.0038628610782325268,0.8955634236335754,0.004683045670390129,0.0038309709634631872,0.0043171546421945095,0.004618202336132526
7,demo_HC,H,G,0.005461862310767174,0.0038815895095467567,0.004165066406130791,0.005073124077171087,0.004032605327665806,0.8969053626060486,0.004404791630804539,0.003976425155997276,0.003909288439899683,0.003510262118652463,0.004320130683481693,0.0035896659828722477,0.0041887518018484116,0.003941691014915705,0.0050180889666080475,0.0037943872157484293,0.0037638486828655005,0.005360265262424946,0.005963775794953108,0.003783675143495202
8,demo_HC,H,A,0.9026765823364258,0.0029547789599746466,0.002819581190124154,0.003367634955793619,0.0030914312228560448,0.004876066464930773,0.003155788406729698,0.003259289311245084,0.0027055409736931324,0.0043393331579864025,0.0031326739117503166,0.0037223673425614834,0.013259909115731716,0.003707788186147809,0.00321020046249032,0.006486168596893549,0.007416881155222654,0.0025139832869172096,0.0034770609345287085,0.0032819577027112246
9,demo_HC,H,E,0.009379214607179165,0.0028838333673775196,0.006588481366634369,0.9047951102256775,0.0027487054467201233,0.005912356544286013,0.003066339762881398,0.0030561292078346014,0.005176543723791838,0.0030714499298483133,0.003290378488600254,0.0031586578115820885,0.0033052938524633646,0.004676035605370998,0.004634580574929714,0.0032389473635703325,0.004338051192462444,0.005687816068530083,0.0034048096276819706,0.003150129457935691
10,demo_HC,H,V,0.005431473255157471,0.0038111568428575993,0.0040150051936507225,0.004153824876993895,0.004176794551312923,0.004835723899304867,0.003742415923625231,0.004230087623000145,0.003390476107597351,0.008353645913302898,0.0074341632425785065,0.003729842370375991,0.0035762886982411146,0.003522353246808052,0.003653456224128604,0.0031659030355513096,0.003075073705986142,0.8986811637878418,0.004532179795205593,0.0033425178844481707
11,demo_HC,H,V,0.004593398422002792,0.005109081510454416,0.005135198123753071,0.014821507036685944,0.004532821476459503,0.005826933309435844,0.005681794136762619,0.005557383876293898,0.7512593269348145,0.004910664167255163,0.009979555383324623,0.015637211501598358,0.004378900397568941,0.019899697974324226,0.056406550109386444,0.005307623650878668,0.019476981833577156,0.021864106878638268,0.007343859877437353,0.005457951687276363
12,demo_HC,H,R,0.005396299529820681,0.003737697144970298,0.005252949893474579,0.01982382871210575,0.004455886781215668,0.005466435104608536,0.004207247868180275,0.004403762053698301,0.39425796270370483,0.004912365227937698,0.006027897819876671,0.01427648589015007,0.004827442113310099,0.0259943176060915,0.44687753915786743,0.005311839748173952,0.015889238566160202,0.003514593467116356,0.004059087950736284,0.003991186618804932
13,demo_HC,H,S,0.008554792031645775,0.004651417024433613,0.0053125107660889626,0.004434848204255104,0.0048524560406804085,0.005688102450221777,0.0072291940450668335,0.0062586464919149876,0.005091709550470114,0.006618150044232607,0.005276655778288841,0.006269366014748812,0.6862326264381409,0.0045318203046917915,0.00861095916479826,0.17702198028564453,0.011449662037193775,0.006292211357504129,0.005621849559247494,0.004362762439996004
14,demo_HC,H,G,0.004935476463288069,0.004294002894312143,0.003768777009099722,0.0037827626802027225,0.004582771100103855,0.8970470428466797,0.004380634520202875,0.004163202363997698,0.004355241544544697,0.0041069271974265575,0.004468812141567469,0.0037185554392635822,0.004011503886431456,0.0038695039693266153,0.0049888393841683865,0.0039738854393363,0.0035164477303624153,0.004827557597309351,0.006785011850297451,0.003842114470899105
15,demo_HC,H,A,0.8925384879112244,0.0036482950672507286,0.00487519521266222,0.0071314056403934956,0.0037340903654694557,0.004382482264190912,0.004164122045040131,0.004256755113601685,0.003934090491384268,0.003722153138369322,0.003917178139090538,0.00433361018076539,0.0041778432205319405,0.0041419584304094315,0.007653308100998402,0.005916962865740061,0.006112454459071159,0.004277437925338745,0.003533099079504609,0.0035382851492613554
16,demo_HC,H,S,0.0041306475177407265,0.0025749688502401114,0.002605689689517021,0.0023453824687749147,0.00329898064956069,0.002354809083044529,0.002880748361349106,0.003121887566521764,0.0031333693768829107,0.003023519180715084,0.002951267873868346,0.002985346131026745,0.004734979476779699,0.002643883926793933,0.0026424042880535126,0.9205999374389648,0.012404872104525566,0.0022915073204785585,0.0029827335383743048,0.0028736144304275513
17,demo_HC,H,V,0.004938348196446896,0.003082937328144908,0.0032834650482982397,0.003946410026401281,0.003822020022198558,0.004506707191467285,0.0039851912297308445,0.003751636017113924,0.0036194752901792526,0.01129587646573782,0.0057004764676094055,0.0031706211157143116,0.0037759270053356886,0.003302245633676648,0.003437306033447385,0.00348685379140079,0.0033424142748117447,0.9020187258720398,0.005046769976615906,0.0031476623844355345
18,demo_HC,H,K,0.003126968163996935,0.003010876476764679,0.002967574167996645,0.004002009984105825,0.0033831133041530848,0.0035805851221084595,0.0039432174526154995,0.004117957316339016,0.8934308290481567,0.0033511563669890165,0.005829423666000366,0.005574854556471109,0.003592203836888075,0.005796441808342934,0.015592693351209164,0.0036170403473079205,0.009654837660491467,0.0029126221779733896,0.003519265679642558,0.0033126671332865953
19,demo_HC,H,L,0.006684429012238979,0.003597307950258255,0.005568751133978367,0.0047665243037045,0.010894400998950005,0.005848400294780731,0.005883293226361275,0.21336936950683594,0.004875893704593182,0.4233984351158142,0.006051001604646444,0.0051784091629087925,0.005619735457003117,0.0037793200463056564,0.004665887448936701,0.006351151969283819,0.007105210330337286,0.24394989013671875,0.0041161938570439816,0.0051123760640621185
20,demo_HC,H,S,0.004288481082767248,0.0034781252034008503,0.003185139037668705,0.0033941620495170355,0.004256747663021088,0.003202167572453618,0.0035241583827883005,0.0030978822614997625,0.0038479953072965145,0.0032549977768212557,0.003193916054442525,0.003519540186971426,0.005018892697989941,0.0035440302453935146,0.003160618944093585,0.9122936129570007,0.005226530134677887,0.003054383210837841,0.0035448819398880005,0.0046533155255019665
21,demo_HC,H,C,0.003788537345826626,0.8999492526054382,0.0037074806168675423,0.003397674998268485,0.0054566515609622,0.005409911274909973,0.003820494981482625,0.004068313632160425,0.0033576618880033493,0.004003344103693962,0.00404023565351963,0.003842094214633107,0.003886820049956441,0.003744526533409953,0.005409926641732454,0.004970097914338112,0.0035231763031333685,0.0037765088491141796,0.0053874170407652855,0.004584969952702522
22,demo_HC,H,T,0.0061642443761229515,0.0057006110437214375,0.0046026017516851425,0.028379088267683983,0.004235344473272562,0.005286436527967453,0.004622290842235088,0.003928991965949535,0.41457507014274597,0.005332420114427805,0.008700747042894363,0.01090225949883461,0.002764985663816333,0.0364130437374115,0.037922974675893784,0.005665714852511883,0.37440621852874756,0.0039665880613029,0.004768374375998974,0.005362933035939932
23,demo_HC,H,A,0.92942214012146,0.0018636988243088126,0.00225086254067719,0.002601837972179055,0.0025450673419982195,0.007989350706338882,0.0019282873254269361,0.0025672458577901125,0.0019301344873383641,0.002702199388295412,0.001968603814020753,0.0025340162683278322,0.0026951732579618692,0.002219392219558358,0.0023999216500669718,0.003093547420576215,0.007502613123506308,0.007186368107795715,0.002351317787542939,0.00232818559743464
24,demo_HC,H,S,0.004487287253141403,0.003557807533070445,0.0030520681757479906,0.0031776432879269123,0.0067964824847877026,0.002952511887997389,0.0028850676026195288,0.0030962929595261812,0.0032268145587295294,0.0042153578251600266,0.003383330535143614,0.0031550051644444466,0.004702046979218721,0.0031371291261166334,0.0033979639410972595,0.911787748336792,0.003941744565963745,0.0035120462998747826,0.003411712124943733,0.005235788878053427
25,demo_HC,H,G,0.004940067417919636,0.003966483287513256,0.0049817245453596115,0.005543069913983345,0.0037145763635635376,0.8974902629852295,0.004164449404925108,0.00399335753172636,0.004367696586996317,0.003196160774677992,0.0037024281919002533,0.004635385237634182,0.0041549620218575,0.0035211241338402033,0.007651461288332939,0.004297513514757156,0.004006050061434507,0.00395426107570529,0.005282859783619642,0.003929212223738432
26,demo_HC,H,F,0.005073445849120617,0.005688219331204891,0.011469769291579723,0.003865801962092519,0.316946417093277,0.004054062068462372,0.017761727795004845,0.0054816813208162785,0.004775470122694969,0.009173791855573654,0.0045064534060657024,0.016015909612178802,0.004761701915413141,0.005589837674051523,0.004585435148328543,0.0214963648468256,0.005690196994692087,0.005049371160566807,0.004837417043745518,0.5237827897071838
27,demo_HC,H,N,0.012186482548713684,0.0038535490166395903,0.010000236332416534,0.005375307984650135,0.0044951909221708775,0.006630093790590763,0.005723947659134865,0.035889673978090286,0.009240842424333096,0.006318286061286926,0.009404831565916538,0.6006144881248474,0.013058297336101532,0.0041909655556082726,0.013350768946111202,0.048589762300252914,0.17272017896175385,0.006920823827385902,0.004512797575443983,0.005039360839873552
28,demo_HC,H,I,0.005385623313486576,0.00866997055709362,0.007249346934258938,0.006263993680477142,0.7007918357849121,0.00581742450594902,0.005859060678631067,0.10966194421052933,0.00477022398263216,0.04472747817635536,0.004050185903906822,0.006350283045321703,0.004904844798147678,0.004491132218390703,0.006359828636050224,0.012650834396481514,0.005924869794398546,0.009437930770218372,0.005263937171548605,0.009609559550881386
29,demo_HC,H,K,0.04770830646157265,0.005898753181099892,0.012484489940106869,0.00600287364795804,0.013755002990365028,0.01416650228202343,0.011053293943405151,0.09688415378332138,0.24765287339687347,0.015466923825442791,0.010710175149142742,0.06538178771734238,0.047060299664735794,0.006488302256911993,0.017451511695981026,0.0880216658115387,0.23051615059375763,0.02197393961250782,0.0057225837372243404,0.008926184847950935
30,demo_HC,H,D,0.022872809320688248,0.0030011713970452547,0.8603988289833069,0.006824214477092028,0.0030899487901479006,0.01606394164264202,0.004954433999955654,0.0030367712024599314,0.004651060793548822,0.0029577859677374363,0.0025118961930274963,0.01283911895006895,0.003106711432337761,0.0029506594873964787,0.004382128361612558,0.010812133550643921,0.00850856676697731,0.009317917749285698,0.0016964591341093183,0.005025496240705252
31,demo_HC,H,Y,0.00474216602742672,0.003884430043399334,0.004381637554615736,0.0041589997708797455,0.009675111621618271,0.0033690822310745716,0.010555935092270374,0.0045705740340054035,0.004067366477102041,0.008637432008981705,0.004104266874492168,0.006427774205803871,0.004891572054475546,0.004668892361223698,0.004470680840313435,0.007467710413038731,0.004505044315010309,0.006285831332206726,0.003450736403465271,0.8766744136810303
32,demo_HC,H,Y,0.004995299037545919,0.005057921167463064,0.005329306703060865,0.003581393975764513,0.01379705872386694,0.005963098257780075,0.0036420347169041634,0.0040440913289785385,0.003355621825903654,0.004898879677057266,0.007305255625396967,0.004072037059813738,0.003779402934014797,0.003256031544879079,0.003472762182354927,0.008397359400987625,0.0038853129372000694,0.004019157495349646,0.022137150168418884,0.8709401488304138
33,demo_HC,H,I,0.001942009897902608,0.0026007688138633966,0.002598540158942342,0.002503640716895461,0.005166838876903057,0.003983565606176853,0.0021457336843013763,0.8680258393287659,0.002753899898380041,0.021317142993211746,0.040310896933078766,0.0030648172833025455,0.0020640939474105835,0.0014184226747602224,0.002960383892059326,0.0029781374614685774,0.004393362440168858,0.01204428356140852,0.0016706919996067882,0.002632768824696541
34,demo_HC,H,H,0.0050386060029268265,0.002999811666086316,0.0031999165657907724,0.002974567236378789,0.0031848810613155365,0.0034750255290418863,0.9061818718910217,0.002983640180900693,0.002493037609383464,0.004570957273244858,0.002498229732736945,0.006439695600420237,0.004631092306226492,0.007444731425493956,0.0048406426794826984,0.006981938611716032,0.00566144660115242,0.003719062078744173,0.0023898971267044544,0.0062407576479017735
35,demo_HC,H,W,0.003631262807175517,0.005006532650440931,0.0033100596629083157,0.003170944517478347,0.0033336228225380182,0.005711397156119347,0.00340759614482522,0.0034225271083414555,0.0034343174193054438,0.004645776003599167,0.0038593721110373735,0.0033873342908918858,0.0035545676946640015,0.003506380831822753,0.0048841917887330055,0.003800869919359684,0.0031906922813504934,0.0031460565514862537,0.909003496170044,0.003810255089774728
36,demo_HC,H,V,0.004411705769598484,0.0032587943132966757,0.0031415957491844893,0.0026211615186184645,0.00535427313297987,0.0042624156922101974,0.002882438013330102,0.007058152928948402,0.0025762715376913548,0.008546692319214344,0.004407987929880619,0.0029709332156926394,0.002807706594467163,0.002438436960801482,0.002917103935033083,0.0027861041016876698,0.002794792875647545,0.9144431948661804,0.0032890422735363245,0.0028449418023228645
37,demo_HC,H,K,0.0036370791494846344,0.003993671853095293,0.0034073677379637957,0.0028743979055434465,0.0034612934105098248,0.004225667100399733,0.00437789736315608,0.0032864760141819715,0.013538090512156487,0.005395207088440657,0.003195475321263075,0.003378037828952074,0.004190054722130299,0.00950627401471138,0.8944889903068542,0.005110798869282007,0.004083713050931692,0.0033985162153840065,0.0036381271202117205,0.0038025169633328915
38,demo_HC,H,Q,0.0030595455318689346,0.003557179355993867,0.0034096657764166594,0.0042221625335514545,0.003538757096976042,0.003750591306015849,0.005903814919292927,0.003301324788480997,0.005254528485238552,0.006408075336366892,0.003810669993981719,0.0031314135994762182,0.005754713900387287,0.9002904891967773,0.009552650153636932,0.002972880145534873,0.0030883934814482927,0.0030921141151338816,0.0035908990539610386,0.0037217659410089254
39,demo_HC,H,R,0.7389522194862366,0.004818391986191273,0.007250235415995121,0.0065328204073011875,0.005708568263798952,0.014252228662371635,0.004574835766106844,0.008080650120973587,0.005477442871779203,0.008218982256948948,0.010787514969706535,0.004196654073894024,0.014219962060451508,0.005500179249793291,0.029875315725803375,0.015369436703622341,0.0268142968416214,0.057390209287405014,0.004807052668184042,0.00424807146191597
40,demo_HC,H,P,0.0052172294817864895,0.003959186375141144,0.003907070029526949,0.0033473961520940065,0.004143975209444761,0.0035360795445740223,0.005054610315710306,0.003603740595281124,0.0038578647654503584,0.004955833777785301,0.0034954443108290434,0.00355918169952929,0.9001837372779846,0.003756878199055791,0.007690087426453829,0.005063282325863838,0.004753654357045889,0.0033518506679683924,0.0033597892615944147,0.0033610151149332523
41,demo_HC,H,E,0.00950537994503975,0.005439621862024069,0.006861773319542408,0.20556636154651642,0.004313979297876358,0.6742924451828003,0.00377629604190588,0.004472068510949612,0.005323721561580896,0.005013214889913797,0.004208750557154417,0.004575032740831375,0.004189610946923494,0.00539756054058671,0.00823977217078209,0.004584787879139185,0.004654463846236467,0.007979154586791992,0.0052124387584626675,0.00441748509183526
42,demo_HC,H,K,0.0034446995705366135,0.0029224958270788193,0.0036232846323400736,0.007303264923393726,0.003420059336349368,0.0038425540551543236,0.0076038469560444355,0.0034850917290896177,0.7866353988647461,0.004578679800033569,0.0033520322758704424,0.003780643455684185,0.004283607471734285,0.1162116676568985,0.012903612107038498,0.002371936570852995,0.004153628367930651,0.004208588041365147,0.0029458736535161734,0.003390640951693058
43,demo_HC,H,G,0.0047407872043550014,0.004145568236708641,0.0035028306301683187,0.0034804237075150013,0.004015706945210695,0.8953492641448975,0.004361848812550306,0.004117616452276707,0.004700304474681616,0.003426489420235157,0.0038987244479358196,0.0037146725226193666,0.004406081512570381,0.004327672999352217,0.008296522311866283,0.004998781252652407,0.0034216842614114285,0.004020653665065765,0.006018174346536398,0.004032323602586985
44,demo_HC,H,L,0.0041970619931817055,0.0051688640378415585,0.004138395190238953,0.004381529521197081,0.007923683151602745,0.003927916754037142,0.004565865732729435,0.0047332774847745895,0.003954071551561356,0.8882821798324585,0.003756537800654769,0.00396100664511323,0.0076468526385724545,0.004431949462741613,0.007174857892096043,0.0033972803503274918,0.004246861673891544,0.005432324483990669,0.003916697110980749,0.004218665417283773
45,demo_HC,H,E,0.0067021544091403484,0.004069965332746506,0.0054549043998122215,0.8976543545722961,0.0035843767691403627,0.005939583759754896,0.0037108189426362514,0.0034160129725933075,0.00481799803674221,0.00353318196721375,0.003838431090116501,0.003914047498255968,0.0035658867564052343,0.006816868204623461,0.004156052600592375,0.0031026452779769897,0.003141500288620591,0.005239842459559441,0.003656368935480714,0.003995670937001705
46,demo_HC,H,W,0.00360996020026505,0.005725366063416004,0.0031345561146736145,0.0033971413504332304,0.004422943573445082,0.00789093691855669,0.0034661018289625645,0.0035626734606921673,0.0035265404731035233,0.005817249417304993,0.003913928754627705,0.003299588104709983,0.0036298499908298254,0.003644539974629879,0.006752128712832928,0.004413661081343889,0.0033767051063477993,0.0037328361067920923,0.8990564942359924,0.005001783836632967
47,demo_HC,H,I,0.005377497058361769,0.005581272765994072,0.0053868722170591354,0.004782543983310461,0.006295447237789631,0.007516004610806704,0.004583738744258881,0.28915470838546753,0.007813985459506512,0.040251486003398895,0.49396929144859314,0.004929640330374241,0.005719284527003765,0.003875438589602709,0.017934424802660942,0.005923228804022074,0.006940963212400675,0.04673691838979721,0.005235180724412203,0.004909424111247063
48,demo_HC,H,G,0.00903199054300785,0.003895763074979186,0.003658135887235403,0.003577976720407605,0.004230722784996033,0.8993424773216248,0.004392967093735933,0.00416631530970335,0.0036697559989988804,0.003520248457789421,0.0039086355827748775,0.00329359108582139,0.004321532789617777,0.0038523576222360134,0.004774526692926884,0.0040674670599401,0.0036211146507412195,0.005635599605739117,0.004607637412846088,0.003965152893215418
49,demo_HC,H,W,0.007676588371396065,0.011665219441056252,0.007385703269392252,0.008535624481737614,0.022688928991556168,0.014329986646771431,0.012725426815450191,0.009517094120383263,0.010515245608985424,0.07874691486358643,0.0075780306942760944,0.006955769844353199,0.007236329838633537,0.009271524846553802,0.13649696111679077,0.013091749511659145,0.008911080658435822,0.010993320494890213,0.5726742744445801,0.010929647833108902
50,demo_HC,H,I,0.003490927629172802,0.004938166122883558,0.004179608076810837,0.0040197730995714664,0.012336218729615211,0.0043108188547194,0.0026756401639431715,0.8658102750778198,0.004638108424842358,0.01119614951312542,0.006660639774054289,0.006108979694545269,0.0032651410438120365,0.0019323885207995772,0.0044473218731582165,0.010714469477534294,0.006403969135135412,0.01444198377430439,0.0028517511673271656,0.004322324879467487
51,demo_HC,H,D,0.009598186239600182,0.003478902392089367,0.8068005442619324,0.006464432924985886,0.004137716256082058,0.007768919691443443,0.009670722298324108,0.00563246663659811,0.008766677230596542,0.0052740382961928844,0.0030797480139881372,0.05231952667236328,0.0035433233715593815,0.0038245872128754854,0.006109001114964485,0.014684132300317287,0.008353582583367825,0.01491398923099041,0.002684991341084242,0.006481568794697523
52,demo_HC,H,P,0.00934534426778555,0.003595104906708002,0.004634684417396784,0.0033890116028487682,0.007186565548181534,0.0034530519042164087,0.005380947142839432,0.0035763822961598635,0.003031413536518812,0.008747068233788013,0.002427885541692376,0.0029536490328609943,0.8967629671096802,0.002455223584547639,0.003952927887439728,0.006554215680807829,0.008469834923744202,0.003929564263671637,0.0025104505475610495,0.0037397241685539484
53,demo_HC,H,E,0.0062473067082464695,0.0013429323444142938,0.045801177620887756,0.8628410696983337,0.0014881218085065484,0.00788138061761856,0.004447185434401035,0.001836015610024333,0.01978216879069805,0.001513783703558147,0.001129062264226377,0.011621324345469475,0.0016075433231890202,0.0041773258708417416,0.004397459793835878,0.004361123312264681,0.0037897450383752584,0.004540329333394766,0.001549282344058156,0.003751040669158101
54,demo_HC,H,I,0.02088482677936554,0.006204803474247456,0.177989661693573,0.014548873528838158,0.005572770722210407,0.0362563319504261,0.016606278717517853,0.19866357743740082,0.01781795360147953,0.006046537775546312,0.005199907347559929,0.15640421211719513,0.006154268980026245,0.009043126367032528,0.0408804751932621,0.16756370663642883,0.058505646884441376,0.012042419984936714,0.006248371209949255,0.012560112401843071
55,demo_HC,H,G,0.004375130869448185,0.00317988358438015,0.010385114699602127,0.004852807614952326,0.0025770878419280052,0.907167911529541,0.0034250295720994473,0.003128502517938614,0.002968481043353677,0.00241861236281693,0.0030492767691612244,0.004649035632610321,0.003235992044210434,0.0030388664454221725,0.00678807171061635,0.005194204859435558,0.0037958796601742506,0.0032675720285624266,0.003088852157816291,0.003108601551502943
56,demo_HC,H,D,0.018208356574177742,0.004036468453705311,0.7823727130889893,0.045732516795396805,0.0036294711753726006,0.025122277438640594,0.007174721919000149,0.005992558319121599,0.012145837768912315,0.0045650736428797245,0.003122736467048526,0.01202706340700388,0.003980403300374746,0.006412473041564226,0.008926221169531345,0.008040009997785091,0.009905909188091755,0.014000766910612583,0.0033770371228456497,0.0058978102169930935
57,demo_HC,H,T,0.014182017184793949,0.004523793235421181,0.004699241369962692,0.003971620928496122,0.005369069520384073,0.005122254136949778,0.004850494675338268,0.009575647301971912,0.007817274890840054,0.004130585119128227,0.0063127377070486546,0.005036211106926203,0.007938671857118607,0.004384767729789019,0.01462289784103632,0.008496066555380821,0.8481510877609253,0.008419119752943516,0.005128591787070036,0.0043282173573970795
58,demo_HC,H,E,0.01597951166331768,0.007762314286082983,0.020727751776576042,0.36630141735076904,0.021743234246969223,0.019386935979127884,0.025996576994657516,0.10430768877267838,0.05322019010782242,0.047349635511636734,0.01378632802516222,0.0924842432141304,0.008329717442393303,0.010726045817136765,0.02658173069357872,0.026915056630969048,0.049815744161605835,0.034657590091228485,0.009425823576748371,0.014765952713787556
59,demo_HC,H,Y,0.004956343211233616,0.005043762736022472,0.006506824865937233,0.0043382802978158,0.0075065032579004765,0.00428295461460948,0.005056412890553474,0.005311485845595598,0.004029805306345224,0.005620843265205622,0.003991312813013792,0.005824728403240442,0.005674181971698999,0.003995845094323158,0.005532834678888321,0.010981142520904541,0.004609400872141123,0.0057179625146090984,0.004223783500492573,0.8761829733848572
60,demo_HC,H,V,0.5246445536613464,0.004436129704117775,0.016571803018450737,0.018650414422154427,0.0051776086911559105,0.029094526544213295,0.005334558896720409,0.007354845758527517,0.004874577280133963,0.007274644449353218,0.004733886569738388,0.008793992921710014,0.011648787185549736,0.005292393732815981,0.006405229214578867,0.03597155585885048,0.023127561435103416,0.24611249566078186,0.006377392448484898,0.005449979566037655
61,demo_HC,H,P,0.006467517931014299,0.003074748208746314,0.005632603075355291,0.01967223547399044,0.0036518240813165903,0.0038314484991133213,0.010342158377170563,0.003243731101974845,0.009558313526213169,0.007427396718412638,0.0030902789440006018,0.0037644393742084503,0.6832846403121948,0.1881352663040161,0.013128097169101238,0.004438682459294796,0.005399329122155905,0.0039724623784422874,0.00297172786667943,0.0031999365892261267
62,demo_HC,H,K,0.005063430871814489,0.002971227513626218,0.0036176578141748905,0.004517544526606798,0.0033428731840103865,0.004277861211448908,0.004409850109368563,0.0037188350688666105,0.885827362537384,0.0033574742265045643,0.005026967264711857,0.009541436098515987,0.004201570525765419,0.00539057981222868,0.014650886878371239,0.007875206880271435,0.006628089118748903,0.0033984719775617123,0.003044135868549347,0.003560476005077362
63,demo_HC,H,F,0.003619282739236951,0.008562235161662102,0.003933095373213291,0.003679475048556924,0.8923249840736389,0.0037126452662050724,0.0032394530717283487,0.004950354341417551,0.003173429286107421,0.010794059373438358,0.0036250497214496136,0.003064184682443738,0.0031508211977779865,0.003349575912579894,0.0036066530738025904,0.004637650214135647,0.0033143903128802776,0.01000172644853592,0.0030492939986288548,0.005217177793383598
64,demo_HC,H,Q,0.003772068303078413,0.0032050074078142643,0.0036366600543260574,0.008536039851605892,0.0036585601046681404,0.0038925304543226957,0.006513380445539951,0.0032933212351053953,0.00843911524862051,0.007264922372996807,0.003669972997158766,0.003476410871371627,0.004402785561978817,0.8899726271629333,0.012247876264154911,0.0029386270325630903,0.0038354764692485332,0.003164173336699605,0.004081716760993004,0.0036447104066610336
65,demo_HC,H,G,0.0052449363283813,0.005076139699667692,0.01722286455333233,0.003801655489951372,0.0035244349855929613,0.8872846364974976,0.0038183985743671656,0.004398514050990343,0.003153081052005291,0.003290378488600254,0.003802866442129016,0.0048871515318751335,0.004383336286991835,0.0033740918152034283,0.004807922523468733,0.0047780852764844894,0.003822851227596402,0.005387296434491873,0.004333518911153078,0.004241039045155048
66,demo_HC,H,K,0.003894302761182189,0.003118462162092328,0.0040601142682135105,0.004184091463685036,0.004488199017941952,0.006912427954375744,0.005521463230252266,0.0043996707536280155,0.10411621630191803,0.004329128656536341,0.003837384283542633,0.004449461121112108,0.0034050405956804752,0.004493044689297676,0.7964419722557068,0.006490290630608797,0.0051602888852357864,0.003928476478904486,0.005577469244599342,0.003849244676530361
67,demo_HC,H,A,0.07301604002714157,0.005355135537683964,0.005835528951138258,0.005221529398113489,0.023613212630152702,0.013541973195970058,0.004943945910781622,0.05422888323664665,0.005795602221041918,0.06589943915605545,0.006789429113268852,0.006108534522354603,0.005200895015150309,0.005387918092310429,0.00545849371701479,0.006879809778183699,0.005962229333817959,0.6654317378997803,0.0056424010545015335,0.006012069992721081
68,demo_HC,H,T,0.008301716297864914,0.004576989449560642,0.00535270432010293,0.0035340723115950823,0.005234943237155676,0.0036293116863816977,0.004851088859140873,0.007877478376030922,0.004590385593473911,0.0034752856008708477,0.004638159181922674,0.0054663801565766335,0.006359352730214596,0.004801449365913868,0.006099001504480839,0.011264710687100887,0.8752737641334534,0.0051523554138839245,0.003900808049365878,0.0042570545338094234
69,demo_HC,H,M,0.003556164214387536,0.003204263048246503,0.00288984808139503,0.0035013966262340546,0.015757495537400246,0.0031411380041390657,0.0033921231515705585,0.0398809053003788,0.003176796482875943,0.021850883960723877,0.8303775191307068,0.002958768280223012,0.002637013327330351,0.002943514147773385,0.0063817608170211315,0.0037075276486575603,0.004259301815181971,0.02403547428548336,0.0036373035982251167,0.0036900436971336603
70,demo_HC,H,T,0.006697969976812601,0.005366471130400896,0.007019887678325176,0.0031193073373287916,0.005697173997759819,0.0038220284041017294,0.004471421707421541,0.007228842005133629,0.0038144560530781746,0.0036950723733752966,0.0044485642574727535,0.007710698992013931,0.005449553951621056,0.004692418500781059,0.0059644607827067375,0.012028680182993412,0.8684005737304688,0.0050001791678369045,0.004950007423758507,0.004730614833533764
71,demo_HC,H,A,0.5503246188163757,0.0066652558743953705,0.006509368773549795,0.01688709296286106,0.006867710966616869,0.022029617801308632,0.005641020368784666,0.005811045411974192,0.016967497766017914,0.008187438361346722,0.0052901944145560265,0.0067732795141637325,0.004469019360840321,0.010695267468690872,0.16749876737594604,0.027682727202773094,0.01830274611711502,0.005956956651061773,0.07850832492113113,0.006407188717275858
72,demo_HC,H,D,0.004804042633622885,0.0032213409431278706,0.905745267868042,0.006450250279158354,0.003180911298841238,0.005239614751189947,0.004469438921660185,0.0031849469523876905,0.0029016092885285616,0.0033908418845385313,0.003270098241046071,0.0064254398457705975,0.003725464688614011,0.0033659785985946655,0.003283766098320484,0.003508910769596696,0.0031696571968495846,0.003999791573733091,0.0034021888859570026,0.005104475654661655
73,demo_HC,H,T,0.005290474276989698,0.0038220719434320927,0.003928772639483213,0.003464956535026431,0.003982392139732838,0.003032151609659195,0.00273832306265831,0.005705884657800198,0.009806489571928978,0.003708526259288192,0.006457901559770107,0.004319386091083288,0.004812753759324551,0.004902290645986795,0.009349897503852844,0.005574638023972511,0.8900841474533081,0.003995081875473261,0.003327053040266037,0.0033301208168268204
74,demo_HC,H,S,0.006194728426635265,0.003239081474021077,0.0033770950976759195,0.002494421787559986,0.0052155666053295135,0.0028890962712466717,0.0026645225007086992,0.0028812834061682224,0.002716947579756379,0.003969771321862936,0.0030233627185225487,0.002679699333384633,0.005936079658567905,0.002672814531251788,0.002948993584141135,0.916527509689331,0.005119409412145615,0.0032406586688011885,0.003117167856544256,0.004467204678803682
75,demo_HC,H,S,0.04519098252058029,0.0061349691823124886,0.005794342141598463,0.005908086895942688,0.009709792211651802,0.006258650217205286,0.005084460601210594,0.30404165387153625,0.010111866518855095,0.020438726991415024,0.03808571770787239,0.011287334375083447,0.008145753294229507,0.005101691000163555,0.015166646800935268,0.25670483708381653,0.1482904702425003,0.06383822858333588,0.004709917586296797,0.004271471407264471
76,demo_HC,H,N,0.01791032962501049,0.005063967313617468,0.17625080049037933,0.014166237786412239,0.004652269650250673,0.02701166272163391,0.005712746176868677,0.007561464328318834,0.007250862196087837,0.004828986711800098,0.005447674542665482,0.5900677442550659,0.005158204585313797,0.006745410617440939,0.019978949800133705,0.03785485774278641,0.024785304442048073,0.0073693497106432915,0.003986692987382412,0.006815839558839798
77,demo_HC,H,T,0.00733553059399128,0.004738505929708481,0.004548150114715099,0.003270132001489401,0.004757855087518692,0.0040452973917126656,0.00429843133315444,0.00823569018393755,0.004265084397047758,0.0037024449557065964,0.006120198871940374,0.0048698135651648045,0.005547808017581701,0.0047163511626422405,0.00559541629627347,0.006113650742918253,0.8783999681472778,0.005631522741168737,0.0046727522276341915,0.004264661576598883
78,demo_HC,H,A,0.8557745814323425,0.004077593795955181,0.004751068539917469,0.004850040655583143,0.007908595725893974,0.0064644580706954,0.004242937080562115,0.005719807464629412,0.0032465665135532618,0.008714825846254826,0.0050442833453416824,0.004547620192170143,0.006169223226606846,0.004219124559313059,0.005170131102204323,0.006890465039759874,0.008132687769830227,0.022935204207897186,0.004868417512625456,0.005240114871412516
79,demo_HC,H,Y,0.003668940393254161,0.0038899898063391447,0.006055195815861225,0.0038933875039219856,0.008376707322895527,0.0033948563504964113,0.007423910312354565,0.00419772882014513,0.0036493095103651285,0.0041336738504469395,0.0037532453425228596,0.004762475844472647,0.0038161478005349636,0.003885839134454727,0.003764697117730975,0.005902634467929602,0.003950573969632387,0.004285445436835289,0.0039828140288591385,0.891979992389679
80,demo_HC,H,L,0.002292647259309888,0.0031731952913105488,0.0017513555940240622,0.002163690747693181,0.003001637291163206,0.002016942948102951,0.0024283912498503923,0.006638090126216412,0.0021229644771665335,0.8119661808013916,0.1273166686296463,0.002138083102181554,0.002106098923832178,0.0022407176438719034,0.0042352378368377686,0.0017973481444641948,0.0029015587642788887,0.005614228546619415,0.0023158551193773746,0.002277482533827424
81,demo_HC,H,Q,0.011369249783456326,0.005566136911511421,0.052082423120737076,0.3678901791572571,0.006524649448692799,0.014247462153434753,0.01220344565808773,0.005493064410984516,0.009578578174114227,0.006215565372258425,0.005782967433333397,0.00783388689160347,0.007549512665718794,0.41204094886779785,0.008826842531561852,0.006176636554300785,0.006234984844923019,0.009122522547841072,0.0073225731030106544,0.006460222881287336
82,demo_HC,H,L,0.0020343034993857145,0.002816152526065707,0.0018614751752465963,0.0020578454714268446,0.005830978509038687,0.002146831713616848,0.0024381789844483137,0.006693204864859581,0.0020548126194626093,0.9185100197792053,0.008040732704102993,0.0023277727887034416,0.0028156801126897335,0.0024456146638840437,0.004865800961852074,0.002236658474430442,0.0024129662197083235,0.01152505911886692,0.0035740388557314873,0.00237842439673841
83,demo_HC,H,S,0.004199645947664976,0.0038467084523290396,0.0060905455611646175,0.004070787224918604,0.0043797739781439304,0.007489059120416641,0.005604167003184557,0.005313582718372345,0.0048232474364340305,0.003268407890573144,0.003681387286633253,0.015289961360394955,0.0036261503119021654,0.0034236391074955463,0.016055289655923843,0.8641358017921448,0.015371997840702534,0.0032232736703008413,0.0035920666996389627,0.005035923793911934
84,demo_HC,H,S,0.005845635663717985,0.004635605961084366,0.0077781639993190765,0.004597128368914127,0.00474079605191946,0.027804965153336525,0.004245065152645111,0.004456911236047745,0.003586788196116686,0.004673581104725599,0.003981265239417553,0.01013828907161951,0.004115319810807705,0.004380619619041681,0.013482189737260342,0.852325439453125,0.005537767428904772,0.004110077396035194,0.0036680528428405523,0.004282512702047825
85,demo_HC,H,L,0.004829843528568745,0.00504902983084321,0.004485964309424162,0.004022223874926567,0.004331314470618963,0.0039040036499500275,0.004631035029888153,0.0045985691249370575,0.00351897394284606,0.8893868923187256,0.005279638804495335,0.004544250201433897,0.005340636242181063,0.004535960964858532,0.00602595554664731,0.003836955176666379,0.003882600227370858,0.005891154985874891,0.004469587467610836,0.0047276937402784824
86,demo_HC,H,T,0.003418138949200511,0.0021469155326485634,0.002194801578298211,0.0042899977415800095,0.0019270575139671564,0.005121864378452301,0.0017426732229068875,0.004382094833999872,0.026052383705973625,0.0017877565696835518,0.003505729604512453,0.003504803404211998,0.0018838593969121575,0.004377527628093958,0.07854768633842468,0.005776664242148399,0.8324087262153625,0.0021841900888830423,0.002554720500484109,0.0022218013182282448
87,demo_HC,H,S,0.005730625707656145,0.0029691404197365046,0.0027782307006418705,0.002622224623337388,0.014000944793224335,0.002668265253305435,0.0025160936638712883,0.0035617982503026724,0.0022843186743557453,0.0052711800672113895,0.002555788028985262,0.0028482743073254824,0.007974743843078613,0.0024522077292203903,0.003171734744682908,0.9040138125419617,0.0058183311484754086,0.004139679949730635,0.0026076468639075756,0.008035117760300636
88,demo_HC,H,E,0.010957466438412666,0.0037316845264285803,0.12004657089710236,0.7751748561859131,0.003375991713255644,0.009020511992275715,0.004667638801038265,0.0029002418741583824,0.003889344399794936,0.0033426033332943916,0.003613166743889451,0.005267721135169268,0.003284237813204527,0.005282987374812365,0.004427736159414053,0.004954881966114044,0.004018461797386408,0.004403051920235157,0.004362477455288172,0.005845592822879553
89,demo_HC,H,D,0.005798403173685074,0.0034894519485533237,0.9039637446403503,0.005699963308870792,0.003382978495210409,0.00561627047136426,0.004199155606329441,0.0033281489741057158,0.0034758313558995724,0.003261301666498184,0.003989402670413256,0.004657157231122255,0.0035130742471665144,0.0035257041454315186,0.0035025468096137047,0.0034104317892342806,0.0034289867617189884,0.0038904158864170313,0.0036468789912760258,0.005254245828837156
90,demo_HC,H,T,0.007721044588834047,0.0040555777959525585,0.004386113956570625,0.002684860024601221,0.004460792988538742,0.00408943323418498,0.003179503371939063,0.004332263953983784,0.003416795516386628,0.0030993216205388308,0.0049370052292943,0.0037096249870955944,0.004459436051547527,0.004117429256439209,0.004329930059611797,0.008699248544871807,0.8971555233001709,0.003437994047999382,0.003861367469653487,0.0038681216537952423
91,demo_HC,H,A,0.8887461423873901,0.00458254711702466,0.0045152027159929276,0.004866595845669508,0.004147763829678297,0.007680227048695087,0.0046812258660793304,0.0036724673118442297,0.003400338813662529,0.004100709687918425,0.004703805316239595,0.004489960614591837,0.0036708463449031115,0.004895495716482401,0.004559304099529982,0.0051688989624381065,0.004864969290792942,0.0033988910727202892,0.005102242808789015,0.004551327787339687
92,demo_HC,H,V,0.0043912362307310104,0.0031037398148328066,0.003009831765666604,0.0034352776128798723,0.008550617843866348,0.0042701829224824905,0.003112322185188532,0.031350091099739075,0.004320818930864334,0.014970271848142147,0.019226808100938797,0.003279496915638447,0.0028400742448866367,0.0028523935470730066,0.004292416386306286,0.0034140257630497217,0.009081474505364895,0.8511359095573425,0.0045953355729579926,0.003940177150070667
93,demo_HC,H,Y,0.003671560436487198,0.00403972202911973,0.004995550960302353,0.003920611925423145,0.006702234968543053,0.0038415363524109125,0.003916893154382706,0.004097007680684328,0.003894457360729575,0.0038039772771298885,0.003930854611098766,0.0037221447564661503,0.003993352875113487,0.004012763034552336,0.003824602346867323,0.003962977323681116,0.003918916452676058,0.004123198799788952,0.004108916502445936,0.9002735018730164
94,demo_HC,H,Y,0.0038962867110967636,0.0053442674688994884,0.005852757953107357,0.004638127516955137,0.025948351249098778,0.004083277191966772,0.006356941536068916,0.005129363853484392,0.004259986337274313,0.00524649815633893,0.004117630887776613,0.00408607441931963,0.0038798346649855375,0.004715383984148502,0.004657373763620853,0.0062083834782242775,0.004431216511875391,0.005558128468692303,0.0046178074553608894,0.8630221486091614
95,demo_HC,H,C,0.0035081401001662016,0.9117739200592041,0.0030149577651172876,0.003235211130231619,0.0049011060036718845,0.006251160055398941,0.0030437668319791555,0.003074988257139921,0.003057928755879402,0.0033180953469127417,0.0031669929157942533,0.00328345806337893,0.0031376814004033804,0.0031975458841770887,0.004410345572978258,0.003803039900958538,0.00332538946531713,0.0037181961815804243,0.005962965078651905,0.003958453889936209
96,demo_HC,H,N,0.6932255029678345,0.0038640093989670277,0.007192164659500122,0.008793743327260017,0.004485345911234617,0.030257122591137886,0.004376533906906843,0.006992937531322241,0.0046671051532030106,0.005615062080323696,0.005258786957710981,0.013493928126990795,0.008249219506978989,0.004525990225374699,0.006906186230480671,0.015580357052385807,0.05001909285783768,0.09635470807552338,0.005017397925257683,0.0041345106437802315
97,demo_HC,H,A,0.18180422484874725,0.006280010100454092,0.005037480033934116,0.006901265121996403,0.007340993732213974,0.016450360417366028,0.006763737183064222,0.0249725803732872,0.017303168773651123,0.011782828718423843,0.014796233735978603,0.006433842703700066,0.00737208453938365,0.007215843070298433,0.4245186746120453,0.024887440726161003,0.16689319908618927,0.020883407443761826,0.0075142779387533665,0.006125887390226126
98,demo_HC,H,G,0.015950893983244896,0.004337905440479517,0.043261848390102386,0.012617374770343304,0.007018981035798788,0.769330620765686,0.009610764682292938,0.008035775274038315,0.004817723762243986,0.011047963052988052,0.0038906061090528965,0.0092602064833045,0.013491829857230186,0.00604980206117034,0.01654958724975586,0.014294426888227463,0.008915761485695839,0.0127295833081007,0.004748177248984575,0.008870133198797703
99,demo_HC,H,H,0.025193700566887856,0.005533619783818722,0.04971080645918846,0.021365635097026825,0.019130144268274307,0.1007084846496582,0.41056618094444275,0.010209634900093079,0.012242672964930534,0.021910203620791435,0.00656408304348588,0.03783546760678291,0.025637375190854073,0.012583000585436821,0.06136371195316315,0.04572916403412819,0.023137247189879417,0.016701214015483856,0.01362092699855566,0.06049541011452675
100,demo_HC,H,D,0.012544000521302223,0.006426549982279539,0.5178465843200684,0.009808378294110298,0.03094554878771305,0.0463220551609993,0.030449489131569862,0.007568943779915571,0.007766887545585632,0.011265025474131107,0.004744080360978842,0.02481190674006939,0.01215770561248064,0.0075324601493775845,0.013086972758173943,0.028986116871237755,0.01290852576494217,0.008512046188116074,0.008585968054831028,0.17830166220664978
101,demo_HC,H,Y,0.009388995356857777,0.0035371354315429926,0.014593112282454967,0.006358849350363016,0.01688423566520214,0.02470257878303528,0.006587945856153965,0.009619209915399551,0.005477531813085079,0.012018119916319847,0.00792781077325344,0.007050777785480022,0.007840314880013466,0.004611121490597725,0.010580494999885559,0.015495404601097107,0.009794185869395733,0.01446533203125,0.0067381407134234905,0.7924954295158386
102,demo_HC,H,D,0.021570714190602303,0.004785612691193819,0.5868683457374573,0.015240914188325405,0.012821698561310768,0.07038287073373795,0.009237957186996937,0.01720668375492096,0.008097415789961815,0.027425270527601242,0.0063972556963562965,0.01252443715929985,0.014080850407481194,0.007156153675168753,0.020648175850510597,0.03830067813396454,0.02224893681704998,0.045553721487522125,0.023102274164557457,0.018344873562455177
103,demo_HC,H,R,0.009260734543204308,0.003871559165418148,0.012475953437387943,0.0064359745010733604,0.014292235486209393,0.030005566775798798,0.005948200356215239,0.008474702015519142,0.007216578349471092,0.01690405234694481,0.004040371626615524,0.013299044221639633,0.008725409395992756,0.004977777134627104,0.5695791840553284,0.19091089069843292,0.02459808997809887,0.008108058013021946,0.022513682022690773,0.026792185381054878
104,demo_HC,H,G,0.01076523307710886,0.003952148836106062,0.01164655014872551,0.010225503705441952,0.007199934683740139,0.768183171749115,0.005965066142380238,0.0071069179102778435,0.010930653661489487,0.013117954134941101,0.005626768339425325,0.011239084415137768,0.012549277395009995,0.0060081337578594685,0.017902201041579247,0.035880137234926224,0.013165886513888836,0.008268168196082115,0.008138461038470268,0.014917113818228245
105,demo_HC,H,R,0.05757654458284378,0.009483754634857178,0.08156958967447281,0.014264007098972797,0.020907165482640266,0.08078619092702866,0.022406022995710373,0.01717192493379116,0.011219758540391922,0.017577003687620163,0.007171999663114548,0.03239218890666962,0.03871149197220802,0.006574773695319891,0.3511441946029663,0.05330924317240715,0.03328872472047806,0.016807796433568,0.013551859185099602,0.09230240434408188
106,demo_HC,H,F,0.010238008573651314,0.004732027649879456,0.013461547903716564,0.005801161285489798,0.8189114332199097,0.019542232155799866,0.006240620277822018,0.008098158985376358,0.002377535915002227,0.019541669636964798,0.003472818760201335,0.006339052692055702,0.012092659249901772,0.00458342581987381,0.005056042689830065,0.012962344102561474,0.006562740076333284,0.010318429209291935,0.003822529688477516,0.014573621563613415
107,demo_HC,H,P,0.019636226817965508,0.004221874289214611,0.6952275633811951,0.04015231505036354,0.006413599010556936,0.030304711312055588,0.017724547535181046,0.006352842785418034,0.006401170045137405,0.006898149382323027,0.0051866862922906876,0.018499696627259254,0.058655284345149994,0.011100522242486477,0.008877360261976719,0.008743023499846458,0.007368565537035465,0.010700861923396587,0.00440710224211216,0.011778146959841251
108,demo_HC,H,Y,0.007641487754881382,0.00646545086055994,0.011911863461136818,0.005071890074759722,0.012201551347970963,0.00612773559987545,0.023774826899170876,0.007783122826367617,0.005013654008507729,0.013226828537881374,0.005314354784786701,0.011018816381692886,0.02900359407067299,0.006297088693827391,0.00776399252936244,0.02229977585375309,0.011458023451268673,0.007414921186864376,0.003951657097786665,0.7763282060623169
109,demo_HC,H,W,0.0035763271152973175,0.005582103971391916,0.003371266881003976,0.003570802742615342,0.003995975479483604,0.006024681031703949,0.0035409098491072655,0.0035355431027710438,0.0036603761836886406,0.004806014243513346,0.004247523844242096,0.003366535995155573,0.003779489314183593,0.004219279158860445,0.005241711623966694,0.0039127543568611145,0.0034453144762665033,0.003792912233620882,0.902230978012085,0.0040662698447704315
110,demo_HC,H,G,0.004842553287744522,0.004471794702112675,0.004505055956542492,0.003932185471057892,0.003949016332626343,0.8993591666221619,0.003907679580152035,0.003987723961472511,0.0037003993056714535,0.003718396183103323,0.004179860465228558,0.003790355985984206,0.004132981877774,0.004038006067276001,0.004244841169565916,0.005700752604752779,0.003916999790817499,0.004263990093022585,0.004385499283671379,0.00390436383895576
111,demo_HC,H,Q,0.0034687179140746593,0.003806245746091008,0.003810947760939598,0.004421873018145561,0.0037421039305627346,0.003586475271731615,0.006451670080423355,0.0034459971357136965,0.00458597531542182,0.005916436668485403,0.003912458661943674,0.003823826089501381,0.0074363648891448975,0.8948680758476257,0.00785622838884592,0.0037622444797307253,0.0038338657468557358,0.003518433077260852,0.004237569402903318,0.0036955487448722124
112,demo_HC,H,G,0.004468214698135853,0.00404659379273653,0.003954595886170864,0.004951187875121832,0.003997725434601307,0.9024531245231628,0.0038955737836658955,0.0038685475010424852,0.004014430567622185,0.003564037848263979,0.004265304189175367,0.0035329482052475214,0.003880969248712063,0.0038439941126853228,0.005413866601884365,0.0039091575890779495,0.003486655419692397,0.004037049598991871,0.0044242157600820065,0.0036128791980445385
113,demo_HC,H,T,0.008667782880365849,0.004003745503723621,0.003942560870200396,0.003919566515833139,0.0039625633507966995,0.004078412428498268,0.003919512499123812,0.005596792791038752,0.004002573899924755,0.004254113882780075,0.004402774386107922,0.004223532509058714,0.004461462609469891,0.0045199026353657246,0.0036638162564486265,0.007558462675660849,0.8913349509239197,0.004468431230634451,0.004050176125019789,0.004276967141777277
114,demo_HC,H,L,0.004247328732162714,0.004690544679760933,0.004629279486835003,0.004199665505439043,0.004232247360050678,0.004856538027524948,0.0052569848485291,0.0037931122351437807,0.004571988247334957,0.8728660941123962,0.004820249043405056,0.004077577497810125,0.009349324740469456,0.012272250838577747,0.01094422023743391,0.004286987707018852,0.004227053374052048,0.006692279130220413,0.004742634017020464,0.004000090528279543
115,demo_HC,H,V,0.004237685352563858,0.0035600473638623953,0.0042112767696380615,0.003706494579091668,0.004686612170189619,0.004523675423115492,0.0037192360032349825,0.008260911330580711,0.0036119171418249607,0.006213630549609661,0.004046816378831863,0.003435823367908597,0.0037071434780955315,0.003986765164881945,0.0035728001967072487,0.003778065089136362,0.0035942515823990107,0.9011963605880737,0.003625294892117381,0.0036861267872154713
116,demo_HC,H,T,0.006668395362794399,0.0036803819239139557,0.003475382225587964,0.0034166008699685335,0.004071677103638649,0.0035828384570777416,0.0033503356389701366,0.00944260973483324,0.0032656230032444,0.0033227084204554558,0.003436883445829153,0.00400138832628727,0.0039456388913095,0.0037140524946153164,0.0032281989697366953,0.006597548257559538,0.9009119272232056,0.004948319401592016,0.0031576009932905436,0.0038159361574798822
117,demo_HC,H,V,0.005229421891272068,0.003958691842854023,0.004734943620860577,0.003413320053368807,0.004375944845378399,0.005275427829474211,0.0042347535490989685,0.0051024616695940495,0.004173632711172104,0.0038483755197376013,0.0037933303974568844,0.003906811121851206,0.004081394989043474,0.0038014929741621017,0.004097990226000547,0.0034318123944103718,0.003486691741272807,0.90110844373703,0.003931743558496237,0.00356698059476912
118,demo_HC,H,S,0.006016233004629612,0.003847883315756917,0.004487000871449709,0.003730613272637129,0.004767076577991247,0.003755314741283655,0.004216697067022324,0.00373923871666193,0.003827627282589674,0.0036799032241106033,0.003938156645745039,0.004017417784780264,0.00464791851118207,0.003821826307103038,0.0036890727933496237,0.8993446230888367,0.005690367426723242,0.003987092990428209,0.00391102721914649,0.004874791484326124
119,demo_HC,H,A,0.14736859500408173,0.004473795648664236,0.004140343517065048,0.0040519568137824535,0.00536934332922101,0.003617031266912818,0.004473580047488213,0.004387630615383387,0.005131974350661039,0.004236829467117786,0.004152671899646521,0.004183684941381216,0.012522701174020767,0.004351302515715361,0.004011884797364473,0.7399867177009583,0.007288874126970768,0.003437950974330306,0.004758589435368776,0.005435760132968426
0,demo_LC,L,D,0.0035029887221753597,0.004774058703333139,0.9026886224746704,0.004924955312162638,0.0034993577282875776,0.0028729832265526056,0.005326553713530302,0.005674086976796389,0.0038431696593761444,0.002383722923696041,0.0035023640375584364,0.004037077073007822,0.002770188497379422,0.00425723334774375,0.002431476954370737,0.0038228307384997606,0.002751107793301344,0.003006761660799384,0.004642308223992586,0.006805216893553734
1,demo_LC,L,I,0.002322892192751169,0.004436927381902933,0.005435275379568338,0.0034081239718943834,0.004816535394638777,0.003936286550015211,0.002922351937741041,0.9040018320083618,0.00298795523121953,0.0046289237216115,0.005085737910121679,0.0046892170794308186,0.003976966720074415,0.004668428562581539,0.0022617822978645563,0.004029450938105583,0.003468476003035903,0.00377104664221406,0.005140066146850586,0.003997351974248886
2,demo_LC,L,Q,0.0030590833630412817,0.004168619867414236,0.0031120432540774345,0.0048203784972429276,0.004013934172689915,0.0025138866622000933,0.0058212885633111,0.005242041312158108,0.005062451586127281,0.0039567966014146805,0.0022389302030205727,0.0031927963718771935,0.005704387556761503,0.906690776348114,0.003476360347121954,0.0033157444559037685,0.0021952507086098194,0.0031259446404874325,0.003479947801679373,0.0046342965215444565
3,demo_LC,L,M,0.005791923962533474,0.0054581803269684315,0.007911228574812412,0.0032416831236332655,0.0035266599152237177,0.004177196882665157,0.005452431738376617,0.009932201355695724,0.0045532165095210075,0.007870243862271309,0.8801117539405823,0.0038965395651757717,0.0033854723442345858,0.0032387336250394583,0.004438620526343584,0.0038254123646765947,0.004567618481814861,0.004074214491993189,0.005699546076357365,0.004907991271466017
4,demo_LC,L,T,0.005169399548321962,0.0042747450061142445,0.004705474246293306,0.003999801818281412,0.003058170899748802,0.005317429546266794,0.003921514842659235,0.004112638998776674,0.004756568465381861,0.0033111993689090014,0.004232100676745176,0.005348325707018375,0.006163680460304022,0.0042561125010252,0.004062816500663757,0.0043894387781620026,0.8933097124099731,0.003079143585637212,0.00544005399569869,0.005109753925353289
5,demo_LC,L,Q,0.004287237301468849,0.003457932732999325,0.0043633123859763145,0.0037622267846018076,0.00424675177782774,0.002943787258118391,0.005637116730213165,0.005805922672152519,0.0048345462419092655,0.0035948960576206446,0.0030488644260913134,0.003625418758019805,0.005168101284652948,0.9010665416717529,0.0035762463230639696,0.0031209297012537718,0.005966316442936659,0.0030960398726165295,0.003543756902217865,0.004135599359869957
6,demo_LC,L,S,0.00387770333327353,0.0038857401814311743,0.004790229257196188,0.005110978148877621,0.005430831573903561,0.0033079178538173437,0.003786209737882018,0.004908448550850153,0.005442274268716574,0.004983026534318924,0.004906162619590759,0.0029817293398082256,0.004591717384755611,0.0036768263671547174,0.003114064922556281,0.8982481360435486,0.0032988039311021566,0.0030480273999273777,0.004884779918938875,0.004855415318161249
7,demo_LC,L,P,0.0037246227730065584,0.004867170006036758,0.004687378648668528,0.003921551629900932,0.0033354666084051132,0.0037260667886584997,0.004085968714207411,0.004301282111555338,0.003649389138445258,0.005624985788017511,0.0030091602820903063,0.003203359665349126,0.9005086421966553,0.0059203412383794785,0.004168250132352114,0.0038268729113042355,0.0034033439587801695,0.002781240502372384,0.004097333177924156,0.004070483148097992
8,demo_LC,L,S,0.0037824802566319704,0.004860537592321634,0.003837248543277383,0.0051711914129555225,0.004818779416382313,0.002033641329035163,0.0033468264155089855,0.0054212515242397785,0.003937199246138334,0.005532384850084782,0.004017440602183342,0.0029294684063643217,0.0062818024307489395,0.004800033755600452,0.002128361724317074,0.9017845392227173,0.0036960733123123646,0.002305690199136734,0.00411179568618536,0.00606848020106554
9,demo_LC,L,S,0.006112514063715935,0.004414679948240519,0.004216779489070177,0.004254832398146391,0.005058277864009142,0.0024397436063736677,0.0032833924051374197,0.003784434637054801,0.0031875441782176495,0.0035774463322013617,0.0034014417324215174,0.002857381943613291,0.006395759992301464,0.006109532900154591,0.0018733710749074817,0.9033240675926208,0.004446617793291807,0.001799553050659597,0.004654782824218273,0.0050287554040551186
10,demo_LC,L,L,0.0027066951151937246,0.004415565170347691,0.005274561699479818,0.005383096169680357,0.004087919369339943,0.002784015377983451,0.005468813702464104,0.003658309578895569,0.0045336224138736725,0.8923614621162415,0.0055758897215127945,0.0038612172938883305,0.005524502135813236,0.006007677409797907,0.004152538254857063,0.005053199827671051,0.0026586560998111963,0.004392704460769892,0.005011045839637518,0.004581843037158251
11,demo_LC,L,S,0.003548724576830864,0.004191722720861435,0.005245960783213377,0.00495297322049737,0.004546072334051132,0.0025902320630848408,0.0037372889928519726,0.004183180630207062,0.0040812320075929165,0.005445478949695826,0.0036344709806144238,0.003448393428698182,0.006368447095155716,0.004593601915985346,0.002927470486611128,0.900816798210144,0.0021716048941016197,0.002567195100709796,0.00502065708860755,0.005637629423290491
12,demo_LC,L,A,0.9072086215019226,0.0031832654494792223,0.0023182767909020185,0.0027269674465060234,0.0021624662913382053,0.0036749059800058603,0.003172028809785843,0.002753525972366333,0.005672774277627468,0.004448337946087122,0.0035980662796646357,0.0032325254287570715,0.008953575976192951,0.004238743335008621,0.001529198489151895,0.003485230728983879,0.004934418480843306,0.007132005877792835,0.0032977338414639235,0.004198333714157343
13,demo_LC,L,S,0.004217082634568214,0.004155729431658983,0.004577951040118933,0.004423676989972591,0.005840328522026539,0.0034640426747500896,0.0035426930990070105,0.003950539510697126,0.005427838768810034,0.00504594761878252,0.004507993347942829,0.0034596219193190336,0.004861744586378336,0.0036534687969833612,0.00253088166937232,0.89993816614151,0.0033623501658439636,0.0029151863418519497,0.004209508188068867,0.00515863299369812
14,demo_LC,L,V,0.004311323631554842,0.0055249398574233055,0.0037387318443506956,0.004834302701056004,0.005154591053724289,0.00306893652305007,0.003185340901836753,0.007832310162484646,0.0049288468435406685,0.005080860573798418,0.004463965073227882,0.0016268709441646934,0.005385370925068855,0.003079812740907073,0.004510188940912485,0.003499104641377926,0.0032886927947402,0.8947769999504089,0.00441941199824214,0.005360779818147421
15,demo_LC,L,G,0.004613957833498716,0.004212354309856892,0.003609257284551859,0.0033869899343699217,0.004555980674922466,0.8898741006851196,0.0038971081376075745,0.004909734707325697,0.004785788711160421,0.0036247523967176676,0.004456273280084133,0.004171726293861866,0.004035850055515766,0.0064241113141179085,0.00554666155949235,0.0034912999253720045,0.004553311970084906,0.005146943032741547,0.00618285546079278,0.005858967546373606
16,demo_LC,L,D,0.004454796202480793,0.003977195825427771,0.9102091789245605,0.005590071436017752,0.0030099700670689344,0.003416083287447691,0.004165572114288807,0.0034670173190534115,0.003508056281134486,0.003339203540235758,0.002937337849289179,0.0036736882757395506,0.004447036888450384,0.0028280974365770817,0.001883442047983408,0.0034098743926733732,0.0033726722467690706,0.0033256111200898886,0.003666614182293415,0.005230281967669725
17,demo_LC,L,R,0.004479050636291504,0.005830374080687761,0.005707479547709227,0.006156704854220152,0.006808812264353037,0.004861574154347181,0.004315092694014311,0.004509963560849428,0.004459527786821127,0.008696909993886948,0.005645107477903366,0.002697515534237027,0.004878715146332979,0.004665604792535305,0.8722439408302307,0.005179848987609148,0.003449680982157588,0.004134165123105049,0.006688488181680441,0.007995352149009705
18,demo_LC,L,V,0.004498456604778767,0.006973608396947384,0.0035764288622885942,0.004348387476056814,0.004968376364558935,0.004249284043908119,0.004484259989112616,0.003933119121938944,0.0036864043213427067,0.00394066609442234,0.00440741004422307,0.0023199317511171103,0.006839333567768335,0.0052973926067352295,0.004663772881031036,0.003415258601307869,0.003529928158968687,0.8889994621276855,0.00547532644122839,0.007547952234745026
19,demo_LC,L,T,0.004056570120155811,0.003963187336921692,0.004131392575800419,0.0034007185604423285,0.0035598771646618843,0.0052655464969575405,0.004588057287037373,0.0051103150472044945,0.0050725676119327545,0.00307156378403306,0.004217974375933409,0.0050553223118186,0.005574288312345743,0.0043398067355155945,0.004389926791191101,0.0043995436280965805,0.897049069404602,0.002335004974156618,0.005038130562752485,0.004300932865589857
20,demo_LC,L,I,0.0018849808257073164,0.0033412447664886713,0.00581891555339098,0.0032427599653601646,0.005394651088863611,0.0036061930004507303,0.003232949646189809,0.910502016544342,0.003450895892456174,0.004139947704970837,0.005482500419020653,0.004363317042589188,0.0021211395505815744,0.004212395753711462,0.0023251445963978767,0.004426911473274231,0.0021530338563024998,0.003860147437080741,0.004208358004689217,0.003968110308051109
21,demo_LC,L,T,0.006448227446526289,0.003986030351370573,0.003276651259511709,0.0035048476420342922,0.0027955742552876472,0.003593612927943468,0.0032537777442485094,0.004322369582951069,0.00418214313685894,0.002763778204098344,0.0036991043016314507,0.004514933563768864,0.00879615731537342,0.004826032556593418,0.004673742689192295,0.004586676135659218,0.9000820517539978,0.0033884048461914062,0.004105393309146166,0.0028846412897109985
22,demo_LC,L,C,0.002835281891748309,0.8997545838356018,0.0041337087750434875,0.0031146444380283356,0.004951581358909607,0.005326077342033386,0.003738261293619871,0.003937435336410999,0.0034510132391005754,0.003533000126481056,0.0034888950176537037,0.004809296224266291,0.004415742587298155,0.00381364650093019,0.004476142581552267,0.004550778307020664,0.0035850878339260817,0.004201922100037336,0.0053191459737718105,0.005534598138183355
23,demo_LC,L,R,0.004345631692558527,0.004105585627257824,0.006253942381590605,0.0031877588480710983,0.003803718602284789,0.0050239358097314835,0.006098312791436911,0.0043119085021317005,0.004316877108067274,0.006129465997219086,0.005009214393794537,0.002666964428499341,0.004133016336709261,0.006713187787681818,0.8926345109939575,0.003239771816879511,0.0028457092121243477,0.0021482508163899183,0.00647308025509119,0.003620712785050273
24,demo_LC,L,A,0.8982568383216858,0.0033632596023380756,0.004819202236831188,0.005021264310926199,0.0030308275017887354,0.002456766553223133,0.003670580219477415,0.0037667080760002136,0.0040733786299824715,0.0032536708749830723,0.0041440133936703205,0.0028184326365590096,0.00576905719935894,0.003343958407640457,0.001931080361828208,0.007346963044255972,0.006021843291819096,0.005373576655983925,0.0048971110954880714,0.004348674323409796
25,demo_LC,L,S,0.0035246440675109625,0.004202872049063444,0.0035677512641996145,0.0034853252582252026,0.0029688391368836164,0.0036222022026777267,0.0030061102006584406,0.004117958713322878,0.00342556182295084,0.00459695840254426,0.004159789998084307,0.0027908405754715204,0.0036681497003883123,0.0051850262098014355,0.004197610542178154,0.9115186929702759,0.002975673181936145,0.0023001041263341904,0.004881960805505514,0.00325111486017704
26,demo_LC,L,Q,0.0037414501421153545,0.003995068836957216,0.0024126884527504444,0.004036641214042902,0.002873067744076252,0.0017890258459374309,0.004858097992837429,0.0067250668071210384,0.004183635115623474,0.0033787600696086884,0.002762387041002512,0.0031745810993015766,0.0039236112497746944,0.9128841161727905,0.003593317000195384,0.004313493613153696,0.0047833300195634365,0.0025716584641486406,0.0031865276396274567,0.002563602291047573
27,demo_LC,L,S,0.004407110624015331,0.003938653040677309,0.0036527852062135935,0.002610240364447236,0.0030450255144387484,0.0029696254059672356,0.0029900220688432455,0.0032518566586077213,0.004630031995475292,0.003695656545460224,0.0032942607067525387,0.003597285831347108,0.00680787768214941,0.006316998973488808,0.003769917879253626,0.909401535987854,0.0038812397979199886,0.002015217673033476,0.0033708142582327127,0.004412931390106678
28,demo_LC,L,I,0.002300284104421735,0.002659906866028905,0.006757910829037428,0.002793491818010807,0.004179187119007111,0.0028007542714476585,0.003197023179382086,0.8995617032051086,0.0036335368640720844,0.0019216606160625815,0.0038750593084841967,0.007931025698781013,0.0033407951705157757,0.0046124630607664585,0.002390126930549741,0.005955710541456938,0.005160636734217405,0.005443801637738943,0.005202734377235174,0.004793108906596899
29,demo_LC,L,S,0.004579018335789442,0.0036717455368489027,0.0036097406409680843,0.0035897025372833014,0.0037695232313126326,0.003138541476801038,0.003379358910024166,0.003521584440022707,0.004429367836564779,0.005537908524274826,0.0039391363970935345,0.004195624962449074,0.004692540504038334,0.005490304436534643,0.0060964650474488735,0.9029604196548462,0.0028237176593393087,0.002219374291598797,0.004278522916138172,0.004725812003016472
30,demo_LC,L,S,0.0029598884284496307,0.003542899154126644,0.0035063414834439754,0.004225161857903004,0.0029424780514091253,0.0019690790213644505,0.002718832576647401,0.0041071707382798195,0.004336748272180557,0.004192331340163946,0.0034006803762167692,0.0065191457979381084,0.004796617664396763,0.00620298832654953,0.004558420740067959,0.9088455438613892,0.0034275974612683058,0.001822996186092496,0.0045659844763576984,0.003992343321442604
31,demo_LC,L,Y,0.002464201068505645,0.003526645479723811,0.00598955387249589,0.006278668530285358,0.0042084259912371635,0.002988968975841999,0.005727073643356562,0.007890140637755394,0.003942939452826977,0.0026012235321104527,0.004289619158953428,0.0037474145647138357,0.004123298451304436,0.006577011663466692,0.0033506036270409822,0.003634880529716611,0.0029230352956801653,0.0037573662120848894,0.0045377654023468494,0.8955742120742798
32,demo_LC,L,L,0.0040627121925354,0.003897580085322261,0.005009238142520189,0.00508770952001214,0.005990026518702507,0.0017858901992440224,0.004607112612575293,0.0038473736494779587,0.003356326138600707,0.8969390392303467,0.0033678929321467876,0.003998512867838144,0.004100652877241373,0.005694340914487839,0.00330261024646461,0.006162178702652454,0.0027321097441017628,0.004336936865001917,0.005232691764831543,0.004677909892052412
33,demo_LC,L,N,0.003719032509252429,0.003679262474179268,0.0033897636458277702,0.002446910599246621,0.0034816788975149393,0.0014128434704616666,0.002752665663138032,0.00449512479826808,0.006242928560823202,0.0073571354150772095,0.00435476191341877,0.9097343683242798,0.004720199387520552,0.004000009037554264,0.0019336306722834706,0.009214131161570549,0.0050567626021802425,0.0035348532255738974,0.002421152777969837,0.0038385787047445774
34,demo_LC,L,W,0.0022486483212560415,0.0042272694408893585,0.00384687352925539,0.0026422524824738503,0.0017847787821665406,0.004294821992516518,0.002287265844643116,0.0046265944838523865,0.0032772959675639868,0.0035049356520175934,0.0029210024513304234,0.0033842981792986393,0.0039766700938344,0.0028212491888552904,0.003078119596466422,0.004996021278202534,0.003576945513486862,0.0027806158177554607,0.9179499745368958,0.0033081339206546545
35,demo_LC,L,Y,0.004516808781772852,0.003948559984564781,0.007605433464050293,0.002688536187633872,0.004120987374335527,0.0031487003434449434,0.004913823679089546,0.0035659668501466513,0.005041580647230148,0.002132747322320938,0.0029993148054927588,0.005248321685940027,0.003637427929788828,0.006431632209569216,0.004023529123514891,0.0029958197847008705,0.0032785264775156975,0.0037525109946727753,0.0031941349152475595,0.9023208618164062
36,demo_LC,L,Q,0.003118195803835988,0.0033123658504337072,0.004068121779710054,0.003951415419578552,0.0032264385372400284,0.002741077682003379,0.005685438401997089,0.004848523065447807,0.005152059718966484,0.00404330575838685,0.0031795722898095846,0.0037000898737460375,0.0032157409004867077,0.9112708568572998,0.003184789326041937,0.002928117522969842,0.0027075419202446938,0.0022729425691068172,0.0036773206666111946,0.004684139508754015
37,demo_LC,L,Q,0.0031926340889185667,0.004162471275776625,0.0023952373303472996,0.0057783243246376514,0.0031207120046019554,0.0018159024184569716,0.005898104980587959,0.00461536692455411,0.0043728286400437355,0.003712011966854334,0.0028782787267118692,0.0015899837017059326,0.0026864067185670137,0.9131819605827332,0.002130180364474654,0.004456058610230684,0.003730412572622299,0.0031499983742833138,0.0035991559270769358,0.004362217616289854
38,demo_LC,L,K,0.0037066545337438583,0.0036946411710232496,0.005251231603324413,0.008024283684790134,0.004431362729519606,0.005083177704364061,0.003456170205026865,0.006377259269356728,0.8922591209411621,0.0040174140594899654,0.003435288555920124,0.00476139085367322,0.0037565866950899363,0.004895815625786781,0.003393846796825528,0.002123883692547679,0.003041215008124709,0.0031902343034744263,0.005913192871958017,0.006458108779042959
39,demo_LC,L,P,0.003758935257792473,0.00341437803581357,0.0033368112053722143,0.003382183611392975,0.0035170605406165123,0.0038967025466263294,0.004421977326273918,0.003428701078519225,0.004542323295027018,0.0042672790586948395,0.0029787833336740732,0.003158250357955694,0.9100372791290283,0.0060888915322721004,0.002502788556739688,0.0029325541108846664,0.00463121710345149,0.0026910975575447083,0.0035299183800816536,0.003849947592243552
40,demo_LC,L,G,0.0038738155271857977,0.005158166401088238,0.004093443974852562,0.004636288154870272,0.004091812297701836,0.8959101438522339,0.003238648409023881,0.004128558095544577,0.003868665313348174,0.004395948722958565,0.004401995800435543,0.003798872698098421,0.003762696171179414,0.0052477167919278145,0.00445905327796936,0.0036123497411608696,0.002994310576468706,0.004224078264087439,0.006892995908856392,0.005300536751747131
41,demo_LC,L,K,0.004353560507297516,0.002374124713242054,0.003348620841279626,0.003627031110227108,0.0017692162655293941,0.004252591170370579,0.0016148897120729089,0.0036772405728697777,0.9279481768608093,0.0023519170936197042,0.002519658301025629,0.0031932841520756483,0.002900433959439397,0.002274381695315242,0.002622009487822652,0.0019098762422800064,0.0024446742609143257,0.003719281405210495,0.005850369110703468,0.003405981231480837
42,demo_LC,L,A,0.8880181312561035,0.0033206078223884106,0.00797420646995306,0.003056162502616644,0.0033862607087939978,0.00459651043638587,0.004644212778657675,0.0038295192644000053,0.004018629435449839,0.005995322484523058,0.004169277381151915,0.003306490369141102,0.006257250905036926,0.006445066072046757,0.0037325590383261442,0.00475377356633544,0.0049207331612706184,0.00602063350379467,0.004302847199141979,0.005042228382080793
43,demo_LC,L,P,0.0034838395658880472,0.0038904701359570026,0.004294249694794416,0.00258398475125432,0.00550768943503499,0.0045590708032250404,0.005068531725555658,0.0029159332625567913,0.0030533592216670513,0.006072272080928087,0.00376166426576674,0.0032902772072702646,0.900528073310852,0.004397453740239143,0.002736718626692891,0.004197634756565094,0.0051760682836174965,0.003576762042939663,0.004471673164516687,0.004829022102057934
44,demo_LC,L,K,0.0023943684063851833,0.002932596718892455,0.0024510372895747423,0.004240822046995163,0.00210272753611207,0.002884011948481202,0.0026969085447490215,0.002070582937449217,0.9279266595840454,0.003324909368529916,0.0023887965362519026,0.0064402176067233086,0.004421470686793327,0.0028818591963499784,0.0032051606103777885,0.0023241944145411253,0.0018309601582586765,0.0013186256401240826,0.003832615679129958,0.004408552777022123
45,demo_LC,L,L,0.003922739531844854,0.00388757954351604,0.0060683502815663815,0.0054805646650493145,0.006170632783323526,0.0018336876528337598,0.005209593567997217,0.004516178276389837,0.003300346666947007,0.8886914849281311,0.0036601265892386436,0.004746266640722752,0.005321478005498648,0.00730126490816474,0.004249102436006069,0.003696969011798501,0.004350354429334402,0.005811180919408798,0.003968273755162954,0.004863379988819361
46,demo_LC,L,L,0.00419827364385128,0.00452149473130703,0.005019024945795536,0.0057223206385970116,0.004898459650576115,0.00317472405731678,0.005471108481287956,0.0037295417860150337,0.005533989984542131,0.8842886686325073,0.004128576721996069,0.004485080484300852,0.004163156729191542,0.00810613390058279,0.0063197677955031395,0.00501961400732398,0.004190318286418915,0.0039032609201967716,0.0045906794257462025,0.0048536695539951324
47,demo_LC,L,I,0.003225594060495496,0.005550650879740715,0.007376698777079582,0.003654343308880925,0.0037522679194808006,0.005208889488130808,0.0033752378076314926,0.8954060673713684,0.004420880693942308,0.0032697380520403385,0.005055882502347231,0.007525480818003416,0.003479745239019394,0.003886850317940116,0.0024582184851169586,0.006159484386444092,0.0038360771723091602,0.0035100767854601145,0.0051546646282076836,0.0038641237188130617
48,demo_LC,L,Y,0.0022784217726439238,0.0030206963419914246,0.007284802384674549,0.0034020384773612022,0.003434965619817376,0.004747502040117979,0.006680675316601992,0.0031004033517092466,0.004464429337531328,0.002179359085857868,0.0028726444579660892,0.004754058085381985,0.004943652544170618,0.004650686867535114,0.004406738094985485,0.00453185522928834,0.0037468383088707924,0.002794729545712471,0.0026505275163799524,0.9046995639801025
49,demo_LC,L,A,0.9272197484970093,0.0018377694068476558,0.005792755167931318,0.000928950437810272,0.0019484120421111584,0.0038033665623515844,0.002777217887341976,0.0013509963173419237,0.0015222419751808047,0.0059668985195457935,0.0019745430909097195,0.0023352408315986395,0.005371002946048975,0.005410715471953154,0.001008045976050198,0.0027445140294730663,0.00672091543674469,0.003322378033772111,0.0025570294819772243,0.002532202983275056
50,demo_LC,L,A,0.8971385359764099,0.0033987234346568584,0.003993107937276363,0.004187535960227251,0.0031147017143666744,0.0031652450561523438,0.004352635703980923,0.003973574377596378,0.0029193535447120667,0.0023701300378888845,0.002566358307376504,0.002821515314280987,0.007334139663726091,0.011550413444638252,0.0032746901270002127,0.007266114465892315,0.005654130596667528,0.003954959101974964,0.003927219193428755,0.0034557138569653034
51,demo_LC,L,S,0.007141524460166693,0.003636180190369487,0.00304793962277472,0.0041012512519955635,0.005109184421598911,0.001916471286676824,0.0035102050751447678,0.003947981167584658,0.0037810918875038624,0.005138544365763664,0.0037104529328644276,0.0028385992627590895,0.007573302369564772,0.005079262424260378,0.002223061630502343,0.9008777737617493,0.0033738738857209682,0.0022470634430646896,0.004766626749187708,0.006618774961680174
52,demo_LC,L,S,0.0026417195331305265,0.00337141752243042,0.002012094249948859,0.0026878423523157835,0.0028555397875607014,0.0024424856528639793,0.002449195133522153,0.002400167752057314,0.0017801440553739667,0.003250460373237729,0.0026727269869297743,0.003928860183805227,0.004369550850242376,0.0056253885850310326,0.0031875434797257185,0.9291549921035767,0.003436586819589138,0.0015729062724858522,0.003840662306174636,0.00224455283023417
53,demo_LC,L,L,0.0042886692099273205,0.003785025794059038,0.0058235907927155495,0.0037002472672611475,0.005857986863702536,0.002399145159870386,0.0045886472798883915,0.00260272272862494,0.002230372978374362,0.892937421798706,0.004561836831271648,0.00334611302241683,0.0037601524963974953,0.00920079369097948,0.00308150053024292,0.006019472144544125,0.00216721766628325,0.006809983868151903,0.006860512308776379,0.0037286372389644384
54,demo_LC,L,Q,0.003981546964496374,0.0027683035004884005,0.004616530612111092,0.004959859419614077,0.004455480258911848,0.0031111056450754404,0.0056047323159873486,0.006925053428858519,0.004668283276259899,0.004023245070129633,0.0025758726987987757,0.00398080050945282,0.0040755076333880424,0.9006723165512085,0.002869630930945277,0.0037425041664391756,0.004550808575004339,0.0027760243974626064,0.004530767444521189,0.004059032537043095
55,demo_LC,L,S,0.003817506367340684,0.003296595998108387,0.0034955288283526897,0.0031103931833058596,0.003300389740616083,0.004075674340128899,0.003302015597000718,0.005414559040218592,0.0029728347435593605,0.005464660935103893,0.0038203983567655087,0.003618729766458273,0.004359823185950518,0.00535587826743722,0.004275255836546421,0.9101186990737915,0.0031336124520748854,0.0015745983691886067,0.003495985409244895,0.004119625315070152
56,demo_LC,L,G,0.004877876490354538,0.0053464253433048725,0.004126233048737049,0.004274534061551094,0.004160362761467695,0.8819839954376221,0.0035133606288582087,0.005998365581035614,0.0036687925457954407,0.005594182293862104,0.004425265360623598,0.0036294576711952686,0.006092930678278208,0.005882341414690018,0.0041278270073235035,0.004574132151901722,0.003448690054938197,0.004460149444639683,0.010282625444233418,0.005060206633061171
57,demo_LC,L,V,0.004921060521155596,0.006825999356806278,0.00456078490242362,0.00415481673553586,0.005886866245418787,0.004930175840854645,0.0048219566233456135,0.004081937950104475,0.0037342512514442205,0.004660059232264757,0.004995167721062899,0.0028197867795825005,0.00539874704554677,0.0024308718275278807,0.0043891542591154575,0.0035676201805472374,0.002959341276437044,0.8910010457038879,0.005034671630710363,0.006672410760074854
58,demo_LC,L,P,0.0032596373930573463,0.004631297197192907,0.004417541902512312,0.003114434191957116,0.004285149741917849,0.004167245235294104,0.004661232698708773,0.0035766258370131254,0.004060792736709118,0.003825903171673417,0.0034352163784205914,0.002822143491357565,0.903755784034729,0.007768555544316769,0.002818406093865633,0.002053444739431143,0.003718870459124446,0.0024244412779808044,0.00508849136531353,0.004589921794831753
59,demo_LC,L,S,0.00800152588635683,0.0037178979255259037,0.0026069621089845896,0.003497858764603734,0.004092606250196695,0.0022378982976078987,0.003068674821406603,0.003981537651270628,0.0036616120487451553,0.006575952749699354,0.0033878444228321314,0.0024201811756938696,0.005808166228234768,0.006096715573221445,0.0026754112914204597,0.9061622619628906,0.002438825787976384,0.002243864117190242,0.00493191322311759,0.004206077661365271
60,demo_LC,L,R,0.004223620519042015,0.0039705499075353146,0.006109347566962242,0.0045798481442034245,0.005179958883672953,0.006012910511344671,0.005359177011996508,0.004061411134898663,0.009232752025127411,0.005280888173729181,0.006316111423075199,0.003904917975887656,0.004434777423739433,0.005893202964216471,0.8804171085357666,0.0039353929460048676,0.004339045844972134,0.0031009777449071407,0.006443680264055729,0.0037967711687088013
61,demo_LC,L,F,0.0028710004407912493,0.006470241583883762,0.004012986086308956,0.0034003539476543665,0.896644115447998,0.004229458514600992,0.00460096588358283,0.003646513447165489,0.005099655594676733,0.004818520974367857,0.0035143590066581964,0.004634032491594553,0.0038658115081489086,0.0071267844177782536,0.002819823333993554,0.004200132098048925,0.004794190637767315,0.0032164626754820347,0.00411961879581213,0.0039447033777832985
62,demo_LC,L,S,0.004209023434668779,0.0038579460233449936,0.0031785196624696255,0.004490851890295744,0.004734388552606106,0.0040244124829769135,0.004080819431692362,0.0044945920817554,0.0035771955735981464,0.005124120973050594,0.003752896562218666,0.0034157591871917248,0.004104681313037872,0.0043199388310313225,0.003970291465520859,0.9060729146003723,0.0021587007213383913,0.002338344231247902,0.003990813624113798,0.004716918338090181
63,demo_LC,L,G,0.00415080925449729,0.005364264361560345,0.004622726235538721,0.003783137770369649,0.00332313752733171,0.8894933462142944,0.004354103468358517,0.005209800321608782,0.004803023301064968,0.003937652334570885,0.0040146647952497005,0.005101598799228668,0.004492488689720631,0.005751123186200857,0.0049849157221615314,0.004195826593786478,0.004373575560748577,0.0036787213757634163,0.005543276201933622,0.006484944373369217
64,demo_LC,L,S,0.0024058097042143345,0.0035464870743453503,0.0040213302709162235,0.0038564824499189854,0.003398674773052335,0.00427672965452075,0.0038875483442097902,0.0033066479954868555,0.0029528760351240635,0.006993417628109455,0.0038370518013834953,0.003099406138062477,0.00335423881188035,0.006156993564218283,0.004615968558937311,0.9094519019126892,0.0024723007809370756,0.002387475688010454,0.003834580769762397,0.004164572339504957
65,demo_LC,L,G,0.004699708893895149,0.003756702644750476,0.002495045540854335,0.0037999541964381933,0.0029891731683164835,0.9051011800765991,0.003068089485168457,0.005025134887546301,0.00448290491476655,0.003601843724027276,0.00363554316572845,0.0037119213957339525,0.0035016569308936596,0.0044057792983949184,0.005205217283219099,0.0033301603980362415,0.0028422761242836714,0.0036518785636872053,0.005330472253262997,0.004688948858529329
66,demo_LC,L,S,0.004591652192175388,0.0038583187852054834,0.0035701061133295298,0.004224535543471575,0.005724371410906315,0.0029316104482859373,0.0036880257539451122,0.0031430975068360567,0.0034351241774857044,0.004513529594987631,0.003957077860832214,0.002229794394224882,0.003919020760804415,0.006039358209818602,0.002166382735595107,0.9086652994155884,0.0029829295817762613,0.0026050086598843336,0.0035970108583569527,0.00650238711386919
67,demo_LC,L,G,0.0044142804108560085,0.004363511689007282,0.0034347574692219496,0.005142118316143751,0.003412422025576234,0.8880090713500977,0.003999157343059778,0.005069313105195761,0.003892244305461645,0.004679587669670582,0.00415067607536912,0.003376428037881851,0.00504144886508584,0.005374632775783539,0.0042144558392465115,0.003789537586271763,0.0028126398101449013,0.006175939925014973,0.009251462295651436,0.006453841924667358
68,demo_LC,L,T,0.0048006153665483,0.0033764969557523727,0.0037461949978023767,0.0036773369647562504,0.0032683354802429676,0.003238772042095661,0.00343840173445642,0.00315512390807271,0.005928486119955778,0.003628344042226672,0.0033413218334317207,0.0029663769528269768,0.0052111707627773285,0.006090895272791386,0.004722868092358112,0.0037490271497517824,0.9054918885231018,0.002471568062901497,0.004311209078878164,0.004339952953159809
69,demo_LC,L,D,0.008701729588210583,0.005321371369063854,0.8845630884170532,0.0023572840727865696,0.0021591607946902514,0.007554845884442329,0.0056671639904379845,0.0028749206103384495,0.002041161758825183,0.009713815525174141,0.00766082713380456,0.0022907534148544073,0.006853973492980003,0.005012817215174437,0.001808561384677887,0.004463618621230125,0.002916115801781416,0.0042585041373968124,0.004260160960257053,0.0052727521397173405
70,demo_LC,L,F,0.002223815070465207,0.0061244238168001175,0.002578099025413394,0.002542288741096854,0.9063604474067688,0.002675415948033333,0.003461053827777505,0.0037641488015651703,0.003795645199716091,0.004722545389086008,0.0031966243404895067,0.004249656572937965,0.0034965171944350004,0.0057416860945522785,0.00371938687749207,0.004027338698506355,0.006447316147387028,0.0034769552294164896,0.004309596959501505,0.00457118870690465
71,demo_LC,L,T,0.005821258760988712,0.004923268686980009,0.0041707237251102924,0.005046332720667124,0.003401606809347868,0.004856798332184553,0.00496109900996089,0.0035821262281388044,0.004189587663859129,0.003895760979503393,0.004336767364293337,0.0064521427266299725,0.006445193197578192,0.007090686354786158,0.005214008968323469,0.004405603278428316,0.8839924931526184,0.0026548923924565315,0.005279411096125841,0.005093491170555353
72,demo_LC,L,L,0.003094673389568925,0.0043982164934277534,0.0048380265943706036,0.004695716314017773,0.0061829607002437115,0.002821903210133314,0.005315007641911507,0.005965853109955788,0.004471350461244583,0.8860923647880554,0.003148718038573861,0.005287270061671734,0.005308154039084911,0.0069009531289339066,0.00611872086301446,0.003609350183978677,0.004105684347450733,0.0028006588108837605,0.00495922053232789,0.005807403940707445
73,demo_LC,L,T,0.005071110557764769,0.003884276608005166,0.003677960718050599,0.002880595624446869,0.0030642193742096424,0.0032200433779507875,0.004298846237361431,0.0030357912182807922,0.004357971251010895,0.0036975271068513393,0.0036513700615614653,0.0043299379758536816,0.004608177114278078,0.005593971814960241,0.004022387322038412,0.003668242134153843,0.9078112244606018,0.0023271446116268635,0.004169953987002373,0.004121797159314156
74,demo_LC,L,I,0.0032246820628643036,0.00690754409879446,0.007808953057974577,0.0032868206035345793,0.0044215465895831585,0.004728931467980146,0.0035886175464838743,0.8871323466300964,0.004490826744586229,0.005294662434607744,0.004820636007934809,0.007051162421703339,0.003401649883016944,0.005507160909473896,0.002726350212469697,0.005114915780723095,0.0029361636843532324,0.005314429756253958,0.005361099261790514,0.005699341185390949
75,demo_LC,L,S,0.003570739645510912,0.0031895432621240616,0.0028872902039438486,0.003556282725185156,0.003303433768451214,0.0024185902439057827,0.003289847169071436,0.004555539693683386,0.004131253808736801,0.004757930990308523,0.0038774078711867332,0.004525954369455576,0.004507927224040031,0.004414030816406012,0.004029701929539442,0.9131343364715576,0.0030027448665350676,0.0015534639824181795,0.004367890767753124,0.0032120998948812485
76,demo_LC,L,S,0.0028128051199018955,0.005344777833670378,0.0026542083360254765,0.0029807095415890217,0.004016263410449028,0.0037627036217600107,0.0034157042391598225,0.002603397471830249,0.004166220780462027,0.004202375654131174,0.003419449320062995,0.003204694716259837,0.004566207993775606,0.004409227520227432,0.013157077133655548,0.9055706858634949,0.0023082790430635214,0.0016991696320474148,0.004444591701030731,0.003022714052349329
77,demo_LC,L,L,0.002711476990953088,0.004314091056585312,0.005488615948706865,0.004639573395252228,0.0038419808261096478,0.0022784224711358547,0.005053339526057243,0.004313112236559391,0.004616837948560715,0.8849071264266968,0.005499277729541063,0.0045434036292135715,0.006183355115354061,0.008434735238552094,0.008748858235776424,0.002935059368610382,0.003519289428368211,0.003553421003744006,0.004734816029667854,0.005755117628723383
78,demo_LC,L,Q,0.004642555955797434,0.0034369255881756544,0.003739854320883751,0.0038742832839488983,0.005611469969153404,0.002675233408808708,0.007006845902651548,0.0036725851241499186,0.0055390954948961735,0.004864085931330919,0.0029938884545117617,0.004094637464731932,0.0057196528650820255,0.8973425626754761,0.0038993372581899166,0.004606675822287798,0.0031076031737029552,0.0027168334927409887,0.0036847239825874567,0.0045015825890004635
79,demo_LC,L,P,0.0033642430789768696,0.0038554263301193714,0.004066493362188339,0.00356229767203331,0.003003014251589775,0.004300253465771675,0.004153016023337841,0.0023033979814499617,0.004252448678016663,0.005690581630915403,0.0027257059700787067,0.002824557013809681,0.9137228727340698,0.005055186338722706,0.0023545159492641687,0.003318660194054246,0.0033664044458419085,0.00224133743904531,0.002730921609327197,0.00442237826064229
80,demo_LC,L,E,0.004588367883116007,0.0029424368403851986,0.003044568235054612,0.9160280823707581,0.0037275555077940226,0.0036928411573171616,0.0022155684418976307,0.008021227084100246,0.004008391872048378,0.00125452212523669,0.004156628157943487,0.0026359688490629196,0.003081396920606494,0.003158353269100189,0.0021119106095284224,0.003346791723743081,0.0033531510271131992,0.0023167000617831945,0.005827300250530243,0.0021720947697758675
81,demo_LC,L,D,0.00440013175830245,0.005786489695310593,0.8880486488342285,0.0040780967101454735,0.004019365180283785,0.003149895230308175,0.004529652651399374,0.0028122193180024624,0.005822854116559029,0.007539312355220318,0.004915571305900812,0.005859119817614555,0.005686015356332064,0.0045083132572472095,0.003432427067309618,0.0018666783580556512,0.0029929440934211016,0.0029033406171947718,0.004393336363136768,0.008632544428110123
82,demo_LC,L,F,0.0036532001104205847,0.004674927797168493,0.002926201093941927,0.0026488881558179855,0.9018243551254272,0.0030219778418540955,0.0033582511823624372,0.003211808390915394,0.005079577676951885,0.005170149728655815,0.0033296789042651653,0.0034434860572218895,0.004984540399163961,0.007250560913234949,0.003560176119208336,0.004136661998927593,0.005231947172433138,0.005079352762550116,0.0038279511500149965,0.005032378248870373
83,demo_LC,L,A,0.9040845036506653,0.002840186934918165,0.004040931351482868,0.004630084149539471,0.003854806534945965,0.00432598777115345,0.0041626510210335255,0.0028535216115415096,0.0031430150847882032,0.003315912326797843,0.0034233834594488144,0.0030140401795506477,0.006265104282647371,0.008025954477488995,0.003234350122511387,0.004373196978121996,0.00457358080893755,0.003270973451435566,0.003021691460162401,0.004289319273084402
84,demo_LC,L,T,0.00710058631375432,0.003625372890383005,0.0028332844376564026,0.0031195420306175947,0.0023387407418340445,0.0030131549574434757,0.003225622233003378,0.0034770616330206394,0.0036633601412177086,0.001676193904131651,0.003272185567766428,0.004059305414557457,0.006544280797243118,0.005922515876591206,0.003517600242048502,0.005528555251657963,0.9067491888999939,0.00395061494782567,0.004875874146819115,0.002976513234898448
85,demo_LC,L,Y,0.003228709101676941,0.00413733534514904,0.007251865696161985,0.003290600376203656,0.0035985081922262907,0.00402488186955452,0.005106501746922731,0.004506142809987068,0.004299096763134003,0.0022253659553825855,0.002831257414072752,0.004397451411932707,0.005600802134722471,0.004116546828299761,0.003735118079930544,0.005141816101968288,0.0037188767455518246,0.002838520333170891,0.004362568259239197,0.9012879729270935
86,demo_LC,L,Y,0.0031343577429652214,0.005512937903404236,0.006277557462453842,0.003102125134319067,0.005059060174971819,0.003441939130425453,0.0058194976300001144,0.004023829475045204,0.004790998063981533,0.003004263387992978,0.003283287864178419,0.004331925883889198,0.004634007811546326,0.00417172908782959,0.004305863752961159,0.004966236185282469,0.003785050241276622,0.0028681745752692223,0.002867094473913312,0.9002942442893982
87,demo_LC,L,C,0.003222942352294922,0.8898201584815979,0.004412762355059385,0.00293066562153399,0.005583224818110466,0.006298388354480267,0.004095726180821657,0.0049342205747962,0.004897923208773136,0.0035283754114061594,0.004079847596585751,0.005514643155038357,0.005337120965123177,0.004931214731186628,0.003987204749137163,0.0037089772522449493,0.004623390734195709,0.003705090144649148,0.005549317691475153,0.005065097939223051
88,demo_LC,L,Q,0.004521961789578199,0.005737344268709421,0.004112299531698227,0.004684106446802616,0.004533170722424984,0.0024190759286284447,0.006256969179958105,0.0051536280661821365,0.004698832985013723,0.008297789841890335,0.0034750166814774275,0.003145360155031085,0.0034795051906257868,0.897398054599762,0.0033873566426336765,0.004124793689697981,0.0020971056073904037,0.0028231365140527487,0.0037768844049423933,0.00370797305367887
89,demo_LC,L,Q,0.0025296220555901527,0.00403217738494277,0.003498041769489646,0.004911565221846104,0.003290135646238923,0.0022529929410666227,0.008330054581165314,0.0039953673258423805,0.002849728800356388,0.0026358512695878744,0.002410570625215769,0.002822502050548792,0.004335158038884401,0.9144654273986816,0.003654617117717862,0.0035323628690093756,0.0037863142788410187,0.002614837372675538,0.003104622010141611,0.002494018990546465
90,demo_LC,L,S,0.0030834723729640245,0.004209786653518677,0.003972746431827545,0.002226517302915454,0.0015310663729906082,0.004065877292305231,0.0024932727683335543,0.00443609431385994,0.0036646255757659674,0.004265456926077604,0.0031440891325473785,0.004430217668414116,0.00377875124104321,0.003576138289645314,0.005272908601909876,0.9166144728660583,0.004993024747818708,0.0018567329971119761,0.00278055970557034,0.0035770065151154995
91,demo_LC,L,Y,0.0029413485899567604,0.0038563888520002365,0.02641354501247406,0.0020639025606215,0.007094117812812328,0.002018654253333807,0.0044982098042964935,0.008432146161794662,0.0029092789627611637,0.002512221923097968,0.0046330164186656475,0.00478739058598876,0.0036930865608155727,0.00416439538821578,0.0031486593652516603,0.0028789916541427374,0.0030513487290591,0.005895482841879129,0.0037296044174581766,0.8832545876502991
92,demo_LC,L,S,0.003029266372323036,0.004103908780962229,0.0032462887465953827,0.003169805044308305,0.003677559085190296,0.0026739072054624557,0.0025942546781152487,0.004680621903389692,0.0025719497352838516,0.004624104127287865,0.0033826055005192757,0.004848365671932697,0.004937801975756884,0.006071008741855621,0.005478329490870237,0.9118728041648865,0.003810088848695159,0.0014959546970203519,0.0032278725411742926,0.003535867901518941
93,demo_LC,L,T,0.006780362222343683,0.0019833839032799006,0.0032496731728315353,0.0012434879317879677,0.002585670677945018,0.0036604718770831823,0.002466052770614624,0.006269900593906641,0.0027557166758924723,0.002280881628394127,0.002995808608829975,0.00890921801328659,0.0046690222807228565,0.0018945616902783513,0.002051627030596137,0.005394595675170422,0.9185600280761719,0.0017318637110292912,0.0018676676554605365,0.005982544273138046
94,demo_LC,L,P,0.005526156630367041,0.003360447473824024,0.002516248030588031,0.0028606289997696877,0.007494525983929634,0.005672318395227194,0.003821827005594969,0.0034039770253002644,0.002713114721700549,0.01753595657646656,0.003320240881294012,0.0017387024126946926,0.8900479674339294,0.006307034287601709,0.006560846231877804,0.003988771699368954,0.004163716919720173,0.0036576869897544384,0.003909180872142315,0.00249594752676785
95,demo_LC,L,L,0.002009014133363962,0.001266016042791307,0.0019156166817992926,0.00275299116037786,0.007090780884027481,0.0030044117011129856,0.0032734994310885668,0.005628353450447321,0.0017792558064684272,0.9293052554130554,0.001938228728249669,0.0022709493059664965,0.00809695664793253,0.002960829995572567,0.005077268462628126,0.002609633607789874,0.0037292344495654106,0.0023597984109073877,0.002928754547610879,0.0020303563214838505
96,demo_LC,L,T,0.009910324588418007,0.004720740020275116,0.00443344796076417,0.003869312349706888,0.00495416484773159,0.0056990450248122215,0.0035849132109433413,0.004000159911811352,0.0033362654503434896,0.004487558733671904,0.0031567069236189127,0.003628914710134268,0.005253003444522619,0.0035554447676986456,0.0031643444672226906,0.006732454989105463,0.8952925205230713,0.002260467503219843,0.00404963456094265,0.005083539988845587
97,demo_LC,L,F,0.0042555369436740875,0.005458415020257235,0.005142751149833202,0.003489122027531266,0.895052433013916,0.003857385367155075,0.0042237224988639355,0.0042532263323664665,0.005029601976275444,0.0068204100243747234,0.0037789796479046345,0.0027851008344441652,0.004043771885335445,0.00533201452344656,0.0025281854905188084,0.004396768752485514,0.005139887798577547,0.0040764883160591125,0.004122387617826462,0.002909282688051462
98,demo_LC,L,G,0.004656799137592316,0.003480853047221899,0.004117229022085667,0.0032759802415966988,0.004181665368378162,0.9057455658912659,0.0036307142581790686,0.004570484161376953,0.004144531674683094,0.0027458861004561186,0.004252938088029623,0.004560500383377075,0.002845942508429289,0.004428716376423836,0.0034980413038283587,0.004831236787140369,0.005030204076319933,0.002577478066086769,0.003948736470192671,0.004336164332926273
99,demo_LC,L,G,0.002318056533113122,0.001748007838614285,0.001899469643831253,0.0025703192222863436,0.0019093469018116593,0.9233721494674683,0.003077512141317129,0.0028533758595585823,0.003852898720651865,0.0017174414824694395,0.002217889064922929,0.003031399566680193,0.004366335459053516,0.016594992950558662,0.005973596125841141,0.00270840828306973,0.0024709892459213734,0.0009146702941507101,0.00193214847240597,0.0022648696321994066
100,demo_LC,L,G,0.004209212958812714,0.0033543959725648165,0.0034116681199520826,0.003836503718048334,0.0034082632046192884,0.9097573757171631,0.0028570382855832577,0.004532027058303356,0.00468527851626277,0.0034094108268618584,0.0037058619782328606,0.0032391578424721956,0.002970509696751833,0.0036164892371743917,0.004512231796979904,0.003716292092576623,0.003991277422755957,0.0027001877315342426,0.005936151836067438,0.0039078244008123875
101,demo_LC,L,T,0.005967338103801012,0.0038530307356268167,0.0034403956960886717,0.0042504859156906605,0.0036069774068892,0.005936340894550085,0.0037360137794166803,0.003244617488235235,0.003641130868345499,0.0034429936204105616,0.004213622771203518,0.0033037750981748104,0.005015063565224409,0.0037339390255510807,0.0027518216520547867,0.004321624990552664,0.9061318635940552,0.0026976922526955605,0.0038781841285526752,0.0038084667176008224
102,demo_LC,L,K,0.0023566661402583122,0.002911832183599472,0.002338993363082409,0.004905165173113346,0.003714206162840128,0.003312076209113002,0.0027895583771169186,0.004089099820703268,0.9265891313552856,0.002556983381509781,0.0030666920356452465,0.004461170174181461,0.0024705552496016026,0.0025901037734001875,0.003194955410435796,0.002078739460557699,0.002575855003669858,0.002905491041019559,0.0029344684444367886,0.0028432176914066076
103,demo_LC,L,V,0.0037476313300430775,0.004380292724817991,0.004289517644792795,0.0051626102067530155,0.0023021602537482977,0.0055545116774737835,0.005344944540411234,0.004291921854019165,0.004482563119381666,0.007044280879199505,0.0070176273584365845,0.0031715412624180317,0.002864121925085783,0.0017013613833114505,0.002605555346235633,0.0017572777578607202,0.002135057933628559,0.8994298577308655,0.006087141111493111,0.007206975482404232
104,demo_LC,L,E,0.0032796666491776705,0.002712366171181202,0.0063922228291630745,0.9199031591415405,0.002359063131734729,0.003989550285041332,0.003177137579768896,0.0035490563604980707,0.004782867152243853,0.001811287715099752,0.004258256405591965,0.0022938863839954138,0.0036286714021116495,0.0029637699481099844,0.004001614172011614,0.00307240872643888,0.0015947542851790786,0.0025620516389608383,0.0044325352646410465,0.0024370020255446434
105,demo_LC,L,I,0.0031442686449736357,0.0029412468429654837,0.004378160927444696,0.0026688724756240845,0.006511485669761896,0.0029265298508107662,0.0017745188670232892,0.9129855632781982,0.003532933071255684,0.005671164486557245,0.007862841710448265,0.0024033281952142715,0.0024265532847493887,0.003755877260118723,0.0017826869152486324,0.005460190121084452,0.0025766997132450342,0.003891496453434229,0.0041649071499705315,0.0024150479584932327
106,demo_LC,L,K,0.0027211701963096857,0.004024493042379618,0.003063628450036049,0.006192474626004696,0.0030541562009602785,0.0037990850396454334,0.003871405962854624,0.00558917410671711,0.9111481308937073,0.0033148443326354027,0.0028946050442755222,0.003907135687768459,0.0034821312874555588,0.005050091538578272,0.0023842707742005587,0.002946345368400216,0.0024466209579259157,0.0025213882327079773,0.0043600136414170265,0.0038872442673891783
