variant,chain,position_1based,residue,log_prob
anthroab,VH,1,Q,-0.0027090536896139383
anthroab,VH,2,V,-0.216659814119339
anthroab,VH,3,Q,-0.030571309849619865
anthroab,VH,4,L,-0.010300805792212486
anthroab,VH,5,V,-8.291194915771484
anthroab,VH,6,Q,-0.005792379844933748
anthroab,VH,7,S,-0.030707847326993942
anthroab,VH,8,G,-0.008079228922724724
anthroab,VH,9,P,-0.746670126914978
anthroab,VH,10,E,-0.039204057306051254
anthroab,VH,11,L,-0.013438479043543339
anthroab,VH,12,K,-5.177821636199951
anthroab,VH,13,K,-0.08567199856042862
anthroab,VH,14,P,-0.01411913800984621
anthroab,VH,15,G,-0.0027964317705482244
anthroab,VH,16,A,-0.017931727692484856
anthroab,VH,17,S,-0.11422480642795563
anthroab,VH,18,V,-0.003850903594866395
anthroab,VH,19,K,-0.04470665007829666
anthroab,VH,20,V,-4.782182216644287
anthroab,VH,21,S,-0.007264508865773678
anthroab,VH,22,C,-0.0026927662547677755
anthroab,VH,23,K,-0.028587384149432182
anthroab,VH,24,A,-0.041891977190971375
anthroab,VH,25,S,-0.04556092247366905
anthroab,VH,26,G,-0.009025254286825657
anthroab,VH,27,Y,-0.011844190768897533
anthroab,VH,28,T,-0.10666423290967941
anthroab,VH,29,F,-0.004255525302141905
anthroab,VH,30,T,-0.03367815911769867
anthroab,VH,31,D,-0.49407657980918884
anthroab,VH,32,Y,-0.04833270609378815
anthroab,VH,33,Y,-1.8633919954299927
anthroab,VH,34,I,-0.06706013530492783
anthroab,VH,35,N,-0.5416870713233948
anthroab,VH,36,W,-0.0021885510068386793
anthroab,VH,37,V,-0.01089186780154705
anthroab,VH,38,R,-3.8651793003082275
anthroab,VH,39,Q,-0.007412312552332878
anthroab,VH,40,R,-0.018386170268058777
anthroab,VH,41,S,-7.288268089294434
anthroab,VH,42,G,-0.01565793715417385
anthroab,VH,43,Q,-0.0195398461073637
anthroab,VH,44,G,-0.01324368454515934
anthroab,VH,45,L,-0.010181395336985588
anthroab,VH,46,E,-0.011484111659228802
anthroab,VH,47,W,-0.0036028018221259117
anthroab,VH,48,I,-0.02265779860317707
anthroab,VH,49,G,-0.18469659984111786
anthroab,VH,50,W,-1.1710081100463867
anthroab,VH,51,I,-0.01441681757569313
anthroab,VH,52,N,-5.112272262573242
anthroab,VH,53,P,-0.012104860506951809
anthroab,VH,54,G,-0.9029515385627747
anthroab,VH,55,S,-0.09119313955307007
anthroab,VH,56,G,-0.16764384508132935
anthroab,VH,57,T,-3.8563778400421143
anthroab,VH,58,T,-0.06336844712495804
anthroab,VH,59,Y,-1.507964849472046
anthroab,VH,60,Y,-0.04152746498584747
anthroab,VH,61,A,-7.435873508453369
anthroab,VH,62,E,-0.060710784047842026
anthroab,VH,63,K,-0.1497683972120285
anthroab,VH,64,F,-0.01195621769875288
anthroab,VH,65,K,-0.0470457598567009
anthroab,VH,66,G,-0.1233353540301323
anthroab,VH,67,R,-4.758793830871582
anthroab,VH,68,A,-0.012498034164309502
anthroab,VH,69,T,-0.021299084648489952
anthroab,VH,70,L,-2.469757318496704
anthroab,VH,71,T,-0.016051944345235825
anthroab,VH,72,A,-0.1136145368218422
anthroab,VH,73,D,-0.028439780697226524
anthroab,VH,74,K,-0.2834974229335785
anthroab,VH,75,S,-0.02783651277422905
anthroab,VH,76,S,-0.026142053306102753
anthroab,VH,77,N,-1.4018797874450684
anthroab,VH,78,I,-6.477441787719727
anthroab,VH,79,A,-0.028920743614435196
anthroab,VH,80,Y,-0.018945803865790367
anthroab,VH,81,M,-0.038988880813121796
anthroab,VH,82,Q,-0.12614697217941284
anthroab,VH,83,L,-0.05507051199674606
anthroab,VH,84,S,-0.06427445262670517
anthroab,VH,85,S,-0.03155555948615074
anthroab,VH,86,L,-0.006587219424545765
anthroab,VH,87,T,-0.01487391721457243
anthroab,VH,88,S,-0.04843469709157944
anthroab,VH,89,E,-0.027199815958738327
anthroab,VH,90,D,-0.011249684728682041
anthroab,VH,91,S,-0.03083847090601921
anthroab,VH,92,A,-0.011076156049966812
anthroab,VH,93,V,-0.03884842246770859
anthroab,VH,94,Y,-0.008901556022465229
anthroab,VH,95,F,-0.3624173402786255
anthroab,VH,96,C,-0.009420112706720829
anthroab,VH,97,A,-0.055491361767053604
anthroab,VH,98,R,-0.08433035761117935
anthroab,VH,99,R,-1.8520478010177612
anthroab,VH,100,G,-1.0773093700408936
anthroab,VH,101,R,-3.280017137527466
anthroab,VH,102,S,-3.3834309577941895
anthroab,VH,103,G,-3.035351276397705
anthroab,VH,104,L,-3.7229232788085938
anthroab,VH,105,Y,-0.45570269227027893
anthroab,VH,106,A,-0.024338969960808754
anthroab,VH,107,M,-0.03355897217988968
anthroab,VH,108,D,-0.00715053454041481
anthroab,VH,109,V,-7.582844257354736
anthroab,VH,110,W,-0.0024329605512320995
anthroab,VH,111,G,-0.006189700681716204
anthroab,VH,112,Q,-0.008254933170974255
anthroab,VH,113,G,-0.003118178341537714
anthroab,VH,114,T,-0.0038894969038665295
anthroab,VH,115,S,-0.0345466248691082
anthroab,VH,116,V,-0.005856141913682222
anthroab,VH,117,T,-0.00453467620536685
anthroab,VH,118,V,-0.004931548144668341
anthroab,VH,119,S,-0.006709665060043335
anthroab,VH,120,S,-0.00224956963211298
anthroab,VL,1,Q,-0.0015526870265603065
anthroab,VL,2,S,-0.002183911856263876
anthroab,VL,3,A,-0.16294841468334198
anthroab,VL,4,L,-0.0021398996468633413
anthroab,VL,5,T,-0.007454791571944952
anthroab,VL,6,Q,-0.000993830617517233
anthroab,VL,7,P,-0.006370356772094965
anthroab,VL,8,P,-0.009991866536438465
anthroab,VL,9,S,-0.0022757365368306637
anthroab,VL,10,A,-0.01981721818447113
anthroab,VL,11,S,-0.0032217998523265123
anthroab,VL,12,G,-0.0035197706893086433
anthroab,VL,13,S,-0.0047325980849564075
anthroab,VL,14,P,-0.010516935959458351
anthroab,VL,15,G,-0.00227276305668056
anthroab,VL,16,Q,-0.0047654625959694386
anthroab,VL,17,S,-0.007627411279827356
anthroab,VL,18,V,-0.016152944415807724
anthroab,VL,19,T,-0.2005811482667923
anthroab,VL,20,I,-0.011747821234166622
anthroab,VL,21,S,-0.010070939548313618
anthroab,VL,22,C,-0.0017987991450354457
anthroab,VL,23,T,-0.021761098876595497
anthroab,VL,24,G,-0.0017703588819131255
anthroab,VL,25,T,-0.028178350999951363
anthroab,VL,26,S,-0.08478967100381851
anthroab,VL,27,S,-0.04955809935927391
anthroab,VL,28,D,-0.00300444383174181
anthroab,VL,29,V,-0.06712567806243896
anthroab,VL,30,G,-0.004684307612478733
anthroab,VL,31,G,-0.23569831252098083
anthroab,VL,32,Y,-0.024865049868822098
anthroab,VL,33,N,-0.24635422229766846
anthroab,VL,34,Y,-0.15610425174236298
anthroab,VL,35,V,-0.005531481467187405
anthroab,VL,36,S,-0.026919612661004066
anthroab,VL,37,W,-0.000801837770268321
anthroab,VL,38,Y,-0.01715429499745369
anthroab,VL,39,Q,-0.012690030969679356
anthroab,VL,40,Q,-0.03538418561220169
anthroab,VL,41,Y,-3.0881025791168213
anthroab,VL,42,P,-0.03600545972585678
anthroab,VL,43,G,-0.020417165011167526
anthroab,VL,44,K,-0.19631770253181458
anthroab,VL,45,A,-0.06078942492604256
anthroab,VL,46,P,-0.0010158622171729803
anthroab,VL,47,K,-0.03056945838034153
anthroab,VL,48,L,-0.13057850301265717
anthroab,VL,49,L,-0.945989191532135
anthroab,VL,50,I,-0.02481900155544281
anthroab,VL,51,Y,-0.12893801927566528
anthroab,VL,52,D,-2.1646318435668945
anthroab,VL,53,N,-0.4616928696632385
anthroab,VL,54,N,-1.3957023620605469
anthroab,VL,55,N,-0.19093206524848938
anthroab,VL,56,R,-0.004491597879678011
anthroab,VL,57,P,-0.007056315895169973
anthroab,VL,58,S,-0.009693693369626999
anthroab,VL,59,G,-0.005246323999017477
anthroab,VL,60,V,-0.008442781865596771
anthroab,VL,61,P,-0.01945684105157852
anthroab,VL,62,D,-0.03698185086250305
anthroab,VL,63,R,-0.0013584204716607928
anthroab,VL,64,F,-0.013742593117058277
anthroab,VL,65,S,-0.009373347274959087
anthroab,VL,66,G,-0.03426305577158928
anthroab,VL,67,S,-0.007347702980041504
anthroab,VL,68,K,-0.04538857936859131
anthroab,VL,69,S,-0.005475286394357681
anthroab,VL,70,G,-0.05543903261423111
anthroab,VL,71,T,-0.03278794512152672
anthroab,VL,72,S,-0.006792786996811628
anthroab,VL,73,A,-0.01998993754386902
anthroab,VL,74,S,-0.006328897550702095
anthroab,VL,75,L,-0.0017175221582874656
anthroab,VL,76,A,-0.015085304155945778
anthroab,VL,77,I,-0.005343322176486254
anthroab,VL,78,T,-0.04015626013278961
anthroab,VL,79,G,-0.006387769244611263
anthroab,VL,80,L,-0.006514976732432842
anthroab,VL,81,Q,-0.017654184252023697
anthroab,VL,82,A,-0.05835330858826637
anthroab,VL,83,E,-0.06554311513900757
anthroab,VL,84,D,-0.0018141493201255798
anthroab,VL,85,E,-0.006679943297058344
anthroab,VL,86,A,-0.03163987770676613
anthroab,VL,87,D,-0.04770313575863838
anthroab,VL,88,Y,-0.004388107918202877
anthroab,VL,89,Y,-0.0317208357155323
anthroab,VL,90,C,-0.0023630333598703146
anthroab,VL,91,Q,-0.010863685049116611
anthroab,VL,92,S,-0.019549431279301643
anthroab,VL,93,Y,-0.07408333569765091
anthroab,VL,94,D,-0.005164496600627899
anthroab,VL,95,S,-0.3525763750076294
anthroab,VL,96,S,-0.1219172403216362
anthroab,VL,97,L,-0.05982467532157898
anthroab,VL,98,R,-3.166625738143921
anthroab,VL,99,V,-1.2529923915863037
anthroab,VL,100,V,-0.37930697202682495
anthroab,VL,101,F,-0.01684148795902729
anthroab,VL,102,G,-0.0019204046111553907
anthroab,VL,103,G,-0.020518776029348373
anthroab,VL,104,G,-0.0017087158048525453
anthroab,VL,105,T,-0.0020387833938002586
anthroab,VL,106,K,-0.09788429737091064
anthroab,VL,107,L,-0.19918666779994965
anthroab,VL,108,T,-0.003738558851182461
anthroab,VL,109,V,-0.00135389668866992
anthroab,VL,110,L,-8.792238235473633
anthroab,VL,111,L,-0.012162215076386929
anthroabFRmasked,VH,1,Q,-0.004665560554713011
anthroabFRmasked,VH,2,V,-0.0405629426240921
anthroabFRmasked,VH,3,Q,-0.06814344227313995
anthroabFRmasked,VH,4,L,-0.03443802148103714
anthroabFRmasked,VH,5,V,-0.055906735360622406
anthroabFRmasked,VH,6,Q,-0.013082857243716717
anthroabFRmasked,VH,7,S,-0.00978801865130663
anthroabFRmasked,VH,8,G,-0.016922950744628906
anthroabFRmasked,VH,9,A,-0.10706403106451035
anthroabFRmasked,VH,10,E,-0.02765006758272648
anthroabFRmasked,VH,11,V,-0.06840653717517853
anthroabFRmasked,VH,12,K,-0.10073260962963104
anthroabFRmasked,VH,13,K,-0.15738226473331451
anthroabFRmasked,VH,14,P,-0.027438422664999962
anthroabFRmasked,VH,15,G,-0.005781357176601887
anthroabFRmasked,VH,16,A,-0.028147174045443535
anthroabFRmasked,VH,17,S,-0.011093840934336185
anthroabFRmasked,VH,18,V,-0.03369049355387688
anthroabFRmasked,VH,19,K,-0.1501036286354065
anthroabFRmasked,VH,20,V,-0.04780394211411476
anthroabFRmasked,VH,21,S,-0.015633055940270424
anthroabFRmasked,VH,22,C,-0.004612876567989588
anthroabFRmasked,VH,23,K,-0.16761109232902527
anthroabFRmasked,VH,24,A,-0.23769935965538025
anthroabFRmasked,VH,25,S,-0.02445216476917267
anthroabFRmasked,VH,26,G,-0.021609917283058167
anthroabFRmasked,VH,27,Y,-0.023274680599570274
anthroabFRmasked,VH,28,T,-0.24603232741355896
anthroabFRmasked,VH,29,F,-0.02245115488767624
anthroabFRmasked,VH,30,T,-0.3488478362560272
anthroabFRmasked,VH,31,D,-1.9266512393951416
anthroabFRmasked,VH,32,Y,-0.18183758854866028
anthroabFRmasked,VH,33,V,-6.75400447845459
anthroabFRmasked,VH,34,I,-0.5638459324836731
anthroabFRmasked,VH,35,W,-8.625256538391113
anthroabFRmasked,VH,36,W,-0.010001898743212223
anthroabFRmasked,VH,37,V,-0.10807106643915176
anthroabFRmasked,VH,38,R,-0.01458518486469984
anthroabFRmasked,VH,39,Q,-0.052834589034318924
anthroabFRmasked,VH,40,P,-6.92470121383667
anthroabFRmasked,VH,41,P,-0.06391118466854095
anthroabFRmasked,VH,42,G,-0.025179076939821243
anthroabFRmasked,VH,43,Q,-0.06790845096111298
anthroabFRmasked,VH,44,G,-0.14094895124435425
anthroabFRmasked,VH,45,L,-0.09821609407663345
anthroabFRmasked,VH,46,E,-0.067583829164505
anthroabFRmasked,VH,47,W,-0.0494050495326519
anthroabFRmasked,VH,48,M,-0.20814767479896545
anthroabFRmasked,VH,49,G,-0.08047279715538025
anthroabFRmasked,VH,50,W,-0.7464194893836975
anthroabFRmasked,VH,51,I,-0.2299964874982834
anthroabFRmasked,VH,52,Y,-3.2715396881103516
anthroabFRmasked,VH,53,P,-0.39825379848480225
anthroabFRmasked,VH,54,G,-4.132152080535889
anthroabFRmasked,VH,55,S,-0.9718757271766663
anthroabFRmasked,VH,56,G,-0.5003081560134888
anthroabFRmasked,VH,57,T,-2.353449821472168
anthroabFRmasked,VH,58,N,-2.430267095565796
anthroabFRmasked,VH,59,Y,-2.6452317237854004
anthroabFRmasked,VH,60,A,-4.802143096923828
anthroabFRmasked,VH,61,P,-2.1560122966766357
anthroabFRmasked,VH,62,P,-2.660712242126465
anthroabFRmasked,VH,63,F,-6.922050952911377
anthroabFRmasked,VH,64,F,-1.1915172338485718
anthroabFRmasked,VH,65,F,-4.771987438201904
anthroabFRmasked,VH,66,G,-0.3648553788661957
anthroabFRmasked,VH,67,R,-0.25110068917274475
anthroabFRmasked,VH,68,V,-0.33926403522491455
anthroabFRmasked,VH,69,V,-6.414357662200928
anthroabFRmasked,VH,70,S,-6.171635627746582
anthroabFRmasked,VH,71,S,-2.9295363426208496
anthroabFRmasked,VH,72,R,-0.6606597304344177
anthroabFRmasked,VH,73,D,-0.164332315325737
anthroabFRmasked,VH,74,T,-0.17107516527175903
anthroabFRmasked,VH,75,S,-0.04138175770640373
anthroabFRmasked,VH,76,I,-0.25110456347465515
anthroabFRmasked,VH,77,S,-0.6385254859924316
anthroabFRmasked,VH,78,T,-0.04591907560825348
anthroabFRmasked,VH,79,A,-0.17401866614818573
anthroabFRmasked,VH,80,Y,-0.06572340428829193
anthroabFRmasked,VH,81,L,-0.6274922490119934
anthroabFRmasked,VH,82,Q,-0.52454674243927
anthroabFRmasked,VH,83,W,-2.9417781829833984
anthroabFRmasked,VH,84,S,-0.5663841366767883
anthroabFRmasked,VH,85,S,-1.180612325668335
anthroabFRmasked,VH,86,L,-0.015323647297918797
anthroabFRmasked,VH,87,R,-2.2778124809265137
anthroabFRmasked,VH,88,A,-4.56506872177124
anthroabFRmasked,VH,89,D,-4.722956657409668
anthroabFRmasked,VH,90,D,-0.017247449606657028
anthroabFRmasked,VH,91,T,-0.06573200225830078
anthroabFRmasked,VH,92,A,-0.01930578052997589
anthroabFRmasked,VH,93,V,-0.5330713391304016
anthroabFRmasked,VH,94,Y,-0.2815285623073578
anthroabFRmasked,VH,95,Y,-0.0995272696018219
anthroabFRmasked,VH,96,C,-0.016632935032248497
anthroabFRmasked,VH,97,A,-0.12863261997699738
anthroabFRmasked,VH,98,R,-0.10551708191633224
anthroabFRmasked,VH,99,R,-2.6957573890686035
anthroabFRmasked,VH,100,G,-1.1582889556884766
anthroabFRmasked,VH,101,R,-2.790557861328125
anthroabFRmasked,VH,102,Y,-2.881446599960327
anthroabFRmasked,VH,103,G,-1.5995440483093262
anthroabFRmasked,VH,104,L,-5.880885124206543
anthroabFRmasked,VH,105,Y,-2.429922580718994
anthroabFRmasked,VH,106,A,-3.7106571197509766
anthroabFRmasked,VH,107,M,-4.275437355041504
anthroabFRmasked,VH,108,D,-0.36452028155326843
anthroabFRmasked,VH,109,Y,-0.7681657075881958
anthroabFRmasked,VH,110,W,-0.004009780008345842
anthroabFRmasked,VH,111,G,-0.00588387344032526
anthroabFRmasked,VH,112,Q,-0.02171502262353897
anthroabFRmasked,VH,113,G,-0.002063171239569783
anthroabFRmasked,VH,114,T,-0.03858281672000885
anthroabFRmasked,VH,115,L,-0.3184252083301544
anthroabFRmasked,VH,116,V,-0.02030094340443611
anthroabFRmasked,VH,117,T,-0.041187986731529236
anthroabFRmasked,VH,118,V,-0.009282290004193783
anthroabFRmasked,VH,119,S,-0.015582825057208538
anthroabFRmasked,VH,120,S,-0.02113557793200016
anthroabFRmasked,VL,1,Q,-0.014711353927850723
anthroabFRmasked,VL,2,S,-0.12890522181987762
anthroabFRmasked,VL,3,V,-0.21125485002994537
anthroabFRmasked,VL,4,L,-0.061131399124860764
anthroabFRmasked,VL,5,T,-0.09233356267213821
anthroabFRmasked,VL,6,Q,-0.058324407786130905
anthroabFRmasked,VL,7,P,-0.09250213205814362
anthroabFRmasked,VL,8,P,-0.14200882613658905
anthroabFRmasked,VL,9,S,-0.10204996168613434
anthroabFRmasked,VL,10,A,-3.2205111980438232
anthroabFRmasked,VL,11,S,-0.09191151708364487
anthroabFRmasked,VL,12,S,-6.379771709442139
anthroabFRmasked,VL,13,A,-1.238175392150879
anthroabFRmasked,VL,14,T,-4.620197296142578
anthroabFRmasked,VL,15,G,-0.31442493200302124
anthroabFRmasked,VL,16,Q,-0.0915055051445961
anthroabFRmasked,VL,17,T,-1.9050073623657227
anthroabFRmasked,VL,18,V,-0.20316855609416962
anthroabFRmasked,VL,19,T,-0.1755448877811432
anthroabFRmasked,VL,20,T,-5.818589687347412
anthroabFRmasked,VL,21,S,-0.3026942014694214
anthroabFRmasked,VL,22,C,-0.11397859454154968
anthroabFRmasked,VL,23,T,-0.8370829820632935
anthroabFRmasked,VL,24,G,-0.22063252329826355
anthroabFRmasked,VL,25,S,-0.9549070000648499
anthroabFRmasked,VL,26,S,-0.9596182703971863
anthroabFRmasked,VL,27,S,-0.6537411212921143
anthroabFRmasked,VL,28,D,-2.8329849243164062
anthroabFRmasked,VL,29,V,-2.6706793308258057
anthroabFRmasked,VL,30,G,-0.6459980607032776
anthroabFRmasked,VL,31,H,-4.117119312286377
anthroabFRmasked,VL,32,K,-4.631960391998291
anthroabFRmasked,VL,33,F,-2.9221670627593994
anthroabFRmasked,VL,34,P,-3.8919224739074707
anthroabFRmasked,VL,35,G,-3.5014798641204834
anthroabFRmasked,VL,36,W,-6.585737705230713
anthroabFRmasked,VL,37,W,-3.9583892822265625
anthroabFRmasked,VL,38,Y,-4.112011432647705
anthroabFRmasked,VL,39,Q,-2.0711586475372314
anthroabFRmasked,VL,40,G,-4.859659194946289
anthroabFRmasked,VL,41,P,-1.7177605628967285
anthroabFRmasked,VL,42,G,-2.3125081062316895
anthroabFRmasked,VL,43,G,-4.001466274261475
anthroabFRmasked,VL,44,P,-0.7193661332130432
anthroabFRmasked,VL,45,P,-0.6404925584793091
anthroabFRmasked,VL,46,K,-1.1208258867263794
anthroabFRmasked,VL,47,T,-2.9418063163757324
anthroabFRmasked,VL,48,S,-0.7152005434036255
anthroabFRmasked,VL,49,L,-2.9770054817199707
anthroabFRmasked,VL,50,L,-2.24129056930542
anthroabFRmasked,VL,51,P,-3.7320754528045654
anthroabFRmasked,VL,52,K,-2.7053732872009277
anthroabFRmasked,VL,53,N,-2.5684144496917725
anthroabFRmasked,VL,54,L,-3.5848984718322754
anthroabFRmasked,VL,55,R,-1.8502527475357056
anthroabFRmasked,VL,56,P,-0.2363797277212143
anthroabFRmasked,VL,57,G,-4.486786365509033
anthroabFRmasked,VL,58,G,-0.2839338481426239
anthroabFRmasked,VL,59,I,-3.6826095581054688
anthroabFRmasked,VL,60,P,-0.632011890411377
anthroabFRmasked,VL,61,P,-4.081729888916016
anthroabFRmasked,VL,62,R,-1.374082088470459
anthroabFRmasked,VL,63,R,-4.384317398071289
anthroabFRmasked,VL,64,S,-1.242299199104309
anthroabFRmasked,VL,65,S,-3.544008731842041
anthroabFRmasked,VL,66,S,-3.1135025024414062
anthroabFRmasked,VL,67,S,-2.8446788787841797
anthroabFRmasked,VL,68,S,-2.5776636600494385
anthroabFRmasked,VL,69,G,-3.8479409217834473
anthroabFRmasked,VL,70,G,-0.6347010731697083
anthroabFRmasked,VL,71,N,-3.7392096519470215
anthroabFRmasked,VL,72,S,-0.9789173603057861
anthroabFRmasked,VL,73,A,-0.08681917190551758
anthroabFRmasked,VL,74,S,-0.5704771280288696
anthroabFRmasked,VL,75,G,-6.265822410583496
anthroabFRmasked,VL,76,N,-5.638130187988281
anthroabFRmasked,VL,77,T,-4.127492904663086
anthroabFRmasked,VL,78,S,-1.2582978010177612
anthroabFRmasked,VL,79,G,-0.2587222754955292
anthroabFRmasked,VL,80,L,-0.10131178796291351
anthroabFRmasked,VL,81,T,-6.233966827392578
anthroabFRmasked,VL,82,T,-2.4123549461364746
anthroabFRmasked,VL,83,E,-0.43762749433517456
anthroabFRmasked,VL,84,D,-0.024481013417243958
anthroabFRmasked,VL,85,E,-0.02530054561793804
anthroabFRmasked,VL,86,A,-0.0843026340007782
anthroabFRmasked,VL,87,D,-0.17799079418182373
anthroabFRmasked,VL,88,Y,-0.011752179823815823
anthroabFRmasked,VL,89,Y,-0.07006827741861343
anthroabFRmasked,VL,90,C,-0.01558869332075119
anthroabFRmasked,VL,91,Q,-0.11803890764713287
anthroabFRmasked,VL,92,S,-0.14046065509319305
anthroabFRmasked,VL,93,Y,-0.45711132884025574
anthroabFRmasked,VL,94,D,-0.06861080229282379
anthroabFRmasked,VL,95,S,-0.7431299090385437
anthroabFRmasked,VL,96,S,-0.4746742844581604
anthroabFRmasked,VL,97,L,-0.25788846611976624
anthroabFRmasked,VL,98,R,-2.441920280456543
anthroabFRmasked,VL,99,V,-2.2146739959716797
anthroabFRmasked,VL,100,V,-1.311622977256775
anthroabFRmasked,VL,101,F,-6.103930473327637
anthroabFRmasked,VL,102,F,-0.006918403785675764
anthroabFRmasked,VL,103,G,-0.005555428564548492
anthroabFRmasked,VL,104,G,-0.020309703424572945
anthroabFRmasked,VL,105,G,-0.007044005207717419
anthroabFRmasked,VL,106,T,-0.005636986810714006
anthroabFRmasked,VL,107,K,-0.1667679399251938
anthroabFRmasked,VL,108,L,-0.15373960137367249
anthroabFRmasked,VL,109,T,-0.03127414733171463
anthroabFRmasked,VL,110,V,-0.007108042482286692
anthroabFRmasked,VL,111,L,-0.005320199765264988
humatch,VH,1,Q,-0.003807677188888192
humatch,VH,2,V,-0.03517555072903633
humatch,VH,3,Q,-0.12752699851989746
humatch,VH,4,L,-0.18458916246891022
humatch,VH,5,V,-4.860172271728516
humatch,VH,6,Q,-0.008473632857203484
humatch,VH,7,S,-0.7505049109458923
humatch,VH,8,G,-0.058315522968769073
humatch,VH,9,A,-0.2977745831012726
humatch,VH,10,E,-0.022780505940318108
humatch,VH,11,V,-3.956204891204834
humatch,VH,12,V,-2.301398277282715
humatch,VH,13,K,-0.5676977634429932
humatch,VH,14,P,-0.03097890317440033
humatch,VH,15,G,-0.0032487730495631695
humatch,VH,16,A,-0.059712380170822144
humatch,VH,17,S,-0.057709090411663055
humatch,VH,18,V,-0.012026184238493443
humatch,VH,19,K,-0.07498710602521896
humatch,VH,20,V,-1.485355019569397
humatch,VH,21,S,-0.011094076558947563
humatch,VH,22,C,-0.0024252308066934347
humatch,VH,23,K,-0.047954510897397995
humatch,VH,24,A,-0.1298893690109253
humatch,VH,25,S,-0.0672934278845787
humatch,VH,26,G,-0.012699800543487072
humatch,VH,27,Y,-0.02373426966369152
humatch,VH,28,T,-0.1004471480846405
humatch,VH,29,F,-0.011996266432106495
humatch,VH,30,T,-0.24717749655246735
humatch,VH,31,D,-2.4356517791748047
humatch,VH,32,Y,-0.0857042744755745
humatch,VH,33,V,-0.669266402721405
humatch,VH,34,I,-0.08458200097084045
humatch,VH,35,N,-1.4573827981948853
humatch,VH,36,W,-0.001803796854801476
humatch,VH,37,V,-0.009756145067512989
humatch,VH,38,K,-0.1942209154367447
humatch,VH,39,I,-12.211073875427246
humatch,VH,40,A,-3.4642388820648193
humatch,VH,41,P,-0.27142924070358276
humatch,VH,42,G,-0.030117282643914223
humatch,VH,43,Q,-0.10603775084018707
humatch,VH,44,G,-0.02846839837729931
humatch,VH,45,L,-0.016679948195815086
humatch,VH,46,E,-0.010887150652706623
humatch,VH,47,W,-0.0031251898035407066
humatch,VH,48,M,-3.5809590816497803
humatch,VH,49,G,-0.3551330268383026
humatch,VH,50,E,-2.5100746154785156
humatch,VH,51,I,-0.04098891094326973
humatch,VH,52,Y,-1.5143942832946777
humatch,VH,53,P,-0.07297353446483612
humatch,VH,54,G,-0.5922259092330933
humatch,VH,55,S,-0.2139136791229248
humatch,VH,56,G,-0.1985609233379364
humatch,VH,57,T,-3.2319822311401367
humatch,VH,58,N,-6.808185577392578
humatch,VH,59,Y,-2.1213650703430176
humatch,VH,60,Y,-0.10832066088914871
humatch,VH,61,A,-5.090436935424805
humatch,VH,62,Q,-2.7712810039520264
humatch,VH,63,K,-0.2143109291791916
humatch,VH,64,F,-0.018942061811685562
humatch,VH,65,K,-0.04026229679584503
humatch,VH,66,G,-0.13665953278541565
humatch,VH,67,R,-4.299307823181152
humatch,VH,68,V,-4.8172478675842285
humatch,VH,69,T,-0.04139411076903343
humatch,VH,70,L,-1.2541941404342651
humatch,VH,71,T,-0.0683823823928833
humatch,VH,72,A,-0.11966202408075333
humatch,VH,73,D,-0.04023836553096771
humatch,VH,74,K,-0.5844364166259766
humatch,VH,75,S,-0.037728529423475266
humatch,VH,76,S,-0.033941496163606644
humatch,VH,77,N,-2.736435651779175
humatch,VH,78,T,-0.01966094970703125
humatch,VH,79,A,-0.04409840703010559
humatch,VH,80,Y,-0.031005946919322014
humatch,VH,81,M,-0.031650617718696594
humatch,VH,82,E,-2.3061811923980713
humatch,VH,83,L,-0.048533160239458084
humatch,VH,84,S,-1.0582475662231445
humatch,VH,85,S,-0.056589968502521515
humatch,VH,86,L,-0.00861357618123293
humatch,VH,87,T,-0.05919555947184563
humatch,VH,88,S,-0.054972462356090546
humatch,VH,89,E,-0.06580834835767746
humatch,VH,90,D,-0.008382848463952541
humatch,VH,91,T,-3.681952476501465
humatch,VH,92,A,-0.015565454959869385
humatch,VH,93,V,-0.07140986621379852
humatch,VH,94,Y,-0.0227521900087595
humatch,VH,95,Y,-2.7946581840515137
humatch,VH,96,C,-0.008394906297326088
humatch,VH,97,A,-0.14893151819705963
humatch,VH,98,R,-0.1170983836054802
humatch,VH,99,R,-1.8236011266708374
humatch,VH,100,G,-1.165184497833252
humatch,VH,101,R,-4.562426567077637
humatch,VH,102,Y,-1.8263705968856812
humatch,VH,103,G,-1.7367991209030151
humatch,VH,104,L,-4.040062427520752
humatch,VH,105,Y,-0.39703086018562317
humatch,VH,106,A,-0.02417968399822712
humatch,VH,107,M,-0.035061951726675034
humatch,VH,108,D,-0.00894680805504322
humatch,VH,109,Y,-0.007519276347011328
humatch,VH,110,W,-0.001805105828680098
humatch,VH,111,G,-0.00546556431800127
humatch,VH,112,Q,-0.009169727563858032
humatch,VH,113,G,-0.0018477048724889755
humatch,VH,114,T,-0.004052878823131323
humatch,VH,115,S,-0.08893203735351562
humatch,VH,116,V,-0.004311195574700832
humatch,VH,117,T,-0.003903508884832263
humatch,VH,118,V,-0.003661952679976821
humatch,VH,119,S,-0.006241591181606054
humatch,VH,120,S,-0.005695661995559931
humatch,VL,1,Q,-0.002677548211067915
humatch,VL,2,S,-0.003670266829431057
humatch,VL,3,A,-0.1592063456773758
humatch,VL,4,L,-0.004991569556295872
humatch,VL,5,T,-0.03710959106683731
humatch,VL,6,Q,-0.0016171961324289441
humatch,VL,7,P,-0.013383314944803715
humatch,VL,8,P,-0.017017416656017303
humatch,VL,9,S,-0.005286997649818659
humatch,VL,10,A,-0.0881647989153862
humatch,VL,11,S,-0.0060061682015657425
humatch,VL,12,G,-0.010237916372716427
humatch,VL,13,S,-0.015421433374285698
humatch,VL,14,P,-0.03538798540830612
humatch,VL,15,G,-0.0037952077109366655
humatch,VL,16,Q,-0.015887578949332237
humatch,VL,17,S,-0.014551584608852863
humatch,VL,18,V,-0.07349082082509995
humatch,VL,19,T,-0.07422391325235367
humatch,VL,20,I,-0.03025978058576584
humatch,VL,21,S,-0.03452174738049507
humatch,VL,22,C,-0.0023442425299435854
humatch,VL,23,T,-0.07189900428056717
humatch,VL,24,G,-0.020767036825418472
humatch,VL,25,T,-0.15034356713294983
humatch,VL,26,S,-0.23617209494113922
humatch,VL,27,S,-0.2537761926651001
humatch,VL,28,D,-0.022774796932935715
humatch,VL,29,V,-0.6044824123382568
humatch,VL,30,G,-0.04209441691637039
humatch,VL,31,H,-5.521938800811768
humatch,VL,32,K,-8.172060012817383
humatch,VL,33,F,-6.199066162109375
humatch,VL,34,P,-7.803589344024658
humatch,VL,35,V,-0.04287714883685112
humatch,VL,36,S,-0.061680957674980164
humatch,VL,37,W,-0.0013153243344277143
humatch,VL,38,Y,-0.06120125949382782
humatch,VL,39,Q,-0.020874567329883575
humatch,VL,40,Q,-0.08907632529735565
humatch,VL,41,Y,-2.2725863456726074
humatch,VL,42,P,-0.049362726509571075
humatch,VL,43,G,-0.02886688895523548
humatch,VL,44,K,-0.23425239324569702
humatch,VL,45,A,-0.11147560924291611
humatch,VL,46,P,-0.0012287693098187447
humatch,VL,47,K,-0.14440041780471802
humatch,VL,48,L,-0.12814845144748688
humatch,VL,49,L,-0.5717626214027405
humatch,VL,50,I,-0.04999794438481331
humatch,VL,51,Y,-0.18771959841251373
humatch,VL,52,K,-5.762835502624512
humatch,VL,53,N,-1.1124132871627808
humatch,VL,54,L,-6.70055627822876
humatch,VL,55,L,-4.875721454620361
humatch,VL,56,R,-0.013969501480460167
humatch,VL,57,P,-0.026612980291247368
humatch,VL,58,S,-0.02458849363029003
humatch,VL,59,G,-0.00620190380141139
humatch,VL,60,V,-0.010348825715482235
humatch,VL,61,P,-0.02943330816924572
humatch,VL,62,D,-0.037822771817445755
humatch,VL,63,R,-0.0010681406129151583
humatch,VL,64,F,-0.01125758234411478
humatch,VL,65,S,-0.011187090538442135
humatch,VL,66,G,-0.05154901370406151
humatch,VL,67,S,-0.008768979460000992
humatch,VL,68,K,-0.08392443507909775
humatch,VL,69,S,-0.006708836182951927
humatch,VL,70,G,-0.051863037049770355
humatch,VL,71,T,-0.041640330106019974
humatch,VL,72,S,-0.00695782620459795
humatch,VL,73,A,-0.014761981554329395
humatch,VL,74,S,-0.0061783273704349995
humatch,VL,75,L,-0.0013756821863353252
humatch,VL,76,A,-0.01597580686211586
humatch,VL,77,I,-0.0031443224288523197
humatch,VL,78,T,-0.04026390239596367
humatch,VL,79,G,-0.009658629074692726
humatch,VL,80,L,-0.005474456585943699
humatch,VL,81,Q,-0.017227882519364357
humatch,VL,82,A,-0.049801409244537354
humatch,VL,83,E,-0.056882817298173904
humatch,VL,84,D,-0.0012006701435893774
humatch,VL,85,E,-0.0065345182083547115
humatch,VL,86,A,-0.02937149442732334
humatch,VL,87,D,-0.03620932251214981
humatch,VL,88,Y,-0.0029206499457359314
humatch,VL,89,Y,-0.02383880317211151
humatch,VL,90,C,-0.0021822466515004635
humatch,VL,91,Q,-0.0070763202384114265
humatch,VL,92,S,-0.010346230119466782
humatch,VL,93,Y,-0.054063405841588974
humatch,VL,94,D,-0.006354365963488817
humatch,VL,95,S,-0.2564452290534973
humatch,VL,96,S,-0.16166715323925018
humatch,VL,97,L,-0.10870600491762161
humatch,VL,98,R,-3.09244704246521
humatch,VL,99,V,-1.3561532497406006
humatch,VL,100,V,-0.2913355529308319
humatch,VL,101,F,-0.00518691074103117
humatch,VL,102,G,-0.0026075192727148533
humatch,VL,103,G,-0.03604777529835701
humatch,VL,104,G,-0.0016912217251956463
humatch,VL,105,T,-0.0019325405592098832
humatch,VL,106,K,-0.06667011231184006
humatch,VL,107,T,-12.32717227935791
humatch,VL,108,T,-0.004258967936038971
humatch,VL,109,V,-0.00237980205565691
humatch,VL,110,L,-0.0013990148436278105
parental,VH,1,Q,-0.004018091131001711
parental,VH,2,V,-0.03230283781886101
parental,VH,3,Q,-0.015896612778306007
parental,VH,4,L,-0.004663068801164627
parental,VH,5,Q,-0.027499310672283173
parental,VH,6,Q,-0.007067324128001928
parental,VH,7,S,-0.020921848714351654
parental,VH,8,G,-0.005304547492414713
parental,VH,9,P,-0.7896068096160889
parental,VH,10,E,-0.03205765411257744
parental,VH,11,L,-0.00859395693987608
parental,VH,12,V,-0.020910173654556274
parental,VH,13,K,-0.048530321568250656
parental,VH,14,P,-0.009567243978381157
parental,VH,15,G,-0.005473033525049686
parental,VH,16,A,-0.01424066536128521
parental,VH,17,S,-0.003919064532965422
parental,VH,18,V,-0.004735089838504791
parental,VH,19,K,-0.03000958450138569
parental,VH,20,M,-0.37755295634269714
parental,VH,21,S,-0.0077982270158827305
parental,VH,22,C,-0.005030712112784386
parental,VH,23,K,-0.019578073173761368
parental,VH,24,A,-0.017268775030970573
parental,VH,25,S,-0.02071285992860794
parental,VH,26,G,-0.009525208733975887
parental,VH,27,Y,-0.014111028052866459
parental,VH,28,T,-0.030969195067882538
parental,VH,29,F,-0.009576335549354553
parental,VH,30,T,-0.054740339517593384
parental,VH,31,D,-0.5366341471672058
parental,VH,32,Y,-0.043165020644664764
parental,VH,33,V,-0.06133861467242241
parental,VH,34,I,-0.024505559355020523
parental,VH,35,N,-2.1124343872070312
parental,VH,36,W,-0.0094956886023283
parental,VH,37,G,-7.34938907623291
parental,VH,38,K,-0.04935818910598755
parental,VH,39,Q,-0.01848038099706173
parental,VH,40,R,-0.054753318428993225
parental,VH,41,S,-5.979168891906738
parental,VH,42,G,-0.014525854960083961
parental,VH,43,Q,-0.02495097927749157
parental,VH,44,G,-0.02759011648595333
parental,VH,45,L,-0.02417025901377201
parental,VH,46,E,-0.031191186979413033
parental,VH,47,W,-0.016673851758241653
parental,VH,48,I,-0.029799362644553185
parental,VH,49,G,-0.12631550431251526
parental,VH,50,E,-0.21981465816497803
parental,VH,51,I,-0.039773471653461456
parental,VH,52,Y,-0.31415557861328125
parental,VH,53,P,-0.027558572590351105
parental,VH,54,G,-0.08111604303121567
parental,VH,55,S,-0.14104482531547546
parental,VH,56,G,-0.2503209114074707
parental,VH,57,T,-3.8161919116973877
parental,VH,58,N,-5.976962089538574
parental,VH,59,Y,-0.49934422969818115
parental,VH,60,Y,-0.05261678621172905
parental,VH,61,N,-0.07102730870246887
parental,VH,62,E,-0.07287944853305817
parental,VH,63,K,-0.10170329362154007
parental,VH,64,F,-0.025959011167287827
parental,VH,65,K,-0.07070381194353104
parental,VH,66,A,-5.166275978088379
parental,VH,67,K,-0.03847350552678108
parental,VH,68,A,-0.024081353098154068
parental,VH,69,T,-0.043092288076877594
parental,VH,70,L,-0.8716099262237549
parental,VH,71,T,-0.03536117449402809
parental,VH,72,A,-0.048600275069475174
parental,VH,73,D,-0.06058580055832863
parental,VH,74,K,-0.27801352739334106
parental,VH,75,S,-0.05048293247818947
parental,VH,76,S,-0.05677672475576401
parental,VH,77,N,-1.9896342754364014
parental,VH,78,I,-6.244007110595703
parental,VH,79,A,-0.05229734256863594
parental,VH,80,Y,-0.02751125581562519
parental,VH,81,M,-0.07118574529886246
parental,VH,82,Q,-0.220196932554245
parental,VH,83,L,-0.05944642052054405
parental,VH,84,S,-0.09458894282579422
parental,VH,85,S,-0.045229535549879074
parental,VH,86,L,-0.013514692895114422
parental,VH,87,T,-0.02271641604602337
parental,VH,88,S,-0.1303781419992447
parental,VH,89,E,-0.032368049025535583
parental,VH,90,D,-0.028237108141183853
parental,VH,91,S,-0.05277330428361893
parental,VH,92,A,-0.01959911361336708
parental,VH,93,V,-0.03624829649925232
parental,VH,94,Y,-0.008083722554147243
parental,VH,95,F,-0.28191807866096497
parental,VH,96,C,-0.01983802020549774
parental,VH,97,A,-0.08461859077215195
parental,VH,98,R,-0.08088023215532303
parental,VH,99,R,-1.9590436220169067
parental,VH,100,G,-1.077622890472412
parental,VH,101,R,-4.282886981964111
parental,VH,102,Y,-2.3259053230285645
parental,VH,103,G,-1.6851321458816528
parental,VH,104,L,-4.069493770599365
parental,VH,105,Y,-0.4034959673881531
parental,VH,106,A,-0.02966536208987236
parental,VH,107,M,-0.036500729620456696
parental,VH,108,D,-0.010494641028344631
parental,VH,109,Y,-0.0069369906559586525
parental,VH,110,W,-0.004089921247214079
parental,VH,111,G,-0.010804958641529083
parental,VH,112,Q,-0.008558499626815319
parental,VH,113,G,-0.00592037383466959
parental,VH,114,T,-0.004973421338945627
parental,VH,115,S,-0.07399334013462067
parental,VH,116,V,-0.005707752425223589
parental,VH,117,T,-0.004225374665111303
parental,VH,118,V,-0.006319657899439335
parental,VH,119,S,-0.008471505716443062
parental,VH,120,S,-0.0030250048730522394
parental,VL,1,Q,-0.0035154942888766527
parental,VL,2,S,-0.006653773132711649
parental,VL,3,A,-0.10913748294115067
parental,VL,4,L,-0.005849149543792009
parental,VL,5,T,-0.04401330649852753
parental,VL,6,Q,-0.0024655440356582403
parental,VL,7,P,-0.014386383816599846
parental,VL,8,P,-0.02116650715470314
parental,VL,9,S,-0.00769093818962574
parental,VL,10,A,-0.07459164410829544
parental,VL,11,S,-0.007882559671998024
parental,VL,12,G,-0.01214608084410429
parental,VL,13,S,-0.020525900647044182
parental,VL,14,P,-0.05048723891377449
parental,VL,15,G,-0.004206143785268068
parental,VL,16,Q,-0.019737157970666885
parental,VL,17,S,-0.01650489680469036
parental,VL,18,V,-0.07657457143068314
parental,VL,19,T,-0.07343333214521408
parental,VL,20,I,-0.033847808837890625
parental,VL,21,S,-0.03929942101240158
parental,VL,22,C,-0.002951553324237466
parental,VL,23,T,-0.0729692131280899
parental,VL,24,G,-0.025053292512893677
parental,VL,25,T,-0.1729569137096405
parental,VL,26,S,-0.229556143283844
parental,VL,27,S,-0.25478819012641907
parental,VL,28,D,-0.02794397994875908
parental,VL,29,V,-0.6785367727279663
parental,VL,30,G,-0.048575859516859055
parental,VL,31,H,-5.333721160888672
parental,VL,32,K,-8.051070213317871
parental,VL,33,F,-5.928828239440918
parental,VL,34,P,-7.7485480308532715
parental,VL,35,V,-0.04665843024849892
parental,VL,36,S,-0.06119879335165024
parental,VL,37,W,-0.00290971458889544
parental,VL,38,Y,-0.0672641173005104
parental,VL,39,Q,-0.0205336082726717
parental,VL,40,Q,-0.09287884831428528
parental,VL,41,Y,-2.198329210281372
parental,VL,42,P,-0.05387952923774719
parental,VL,43,G,-0.0293508879840374
parental,VL,44,K,-0.20219048857688904
parental,VL,45,A,-0.11492354422807693
parental,VL,46,P,-0.0018030828796327114
parental,VL,47,K,-0.15683375298976898
parental,VL,48,L,-0.14552414417266846
parental,VL,49,L,-0.69471675157547
parental,VL,50,I,-0.06228756904602051
parental,VL,51,Y,-0.2569807469844818
parental,VL,52,K,-5.202451229095459
parental,VL,53,N,-1.865166187286377
parental,VL,54,L,-6.658649444580078
parental,VL,55,L,-4.582357406616211
parental,VL,56,R,-0.017724456265568733
parental,VL,57,P,-0.04760561138391495
parental,VL,58,S,-0.03898027911782265
parental,VL,59,G,-0.012215327471494675
parental,VL,60,V,-0.020879119634628296
parental,VL,61,P,-0.044863954186439514
parental,VL,62,D,-0.059791773557662964
parental,VL,63,R,-0.0021015957463532686
parental,VL,64,F,-0.01751374453306198
parental,VL,65,S,-0.016656851395964622
parental,VL,66,G,-0.07414565980434418
parental,VL,67,S,-0.015604771673679352
parental,VL,68,K,-0.11041286587715149
parental,VL,69,S,-0.01179624255746603
parental,VL,70,G,-0.06768432259559631
parental,VL,71,T,-0.06355259567499161
parental,VL,72,S,-0.011448992416262627
parental,VL,73,A,-0.01941206306219101
parental,VL,74,S,-0.015087182633578777
parental,VL,75,L,-0.00195443257689476
parental,VL,76,A,-0.030541246756911278
parental,VL,77,I,-0.005936372093856335
parental,VL,78,T,-0.06561779975891113
parental,VL,79,G,-0.012399843893945217
parental,VL,80,L,-0.013979610987007618
parental,VL,81,Q,-0.036717820912599564
parental,VL,82,A,-0.09654422849416733
parental,VL,83,E,-0.08614765107631683
parental,VL,84,D,-0.0044648959301412106
parental,VL,85,G,-6.3425374031066895
parental,VL,86,A,-0.04653099551796913
parental,VL,87,D,-0.09561370313167572
parental,VL,88,Y,-0.004459317773580551
parental,VL,89,Y,-0.04527818411588669
parental,VL,90,C,-0.005205055233091116
parental,VL,91,Q,-0.009917154908180237
parental,VL,92,S,-0.025919632986187935
parental,VL,93,Y,-0.08253631740808487
parental,VL,94,D,-0.006464285310357809
parental,VL,95,S,-0.40991315245628357
parental,VL,96,S,-0.19552430510520935
parental,VL,97,L,-0.0776427686214447
parental,VL,98,R,-2.919757604598999
parental,VL,99,V,-1.1676534414291382
parental,VL,100,V,-0.4099160134792328
parental,VL,101,F,-0.01677549071609974
parental,VL,102,G,-0.003179615829139948
parental,VL,103,G,-0.13784164190292358
parental,VL,104,G,-0.004000162705779076
parental,VL,105,T,-0.014401424676179886
parental,VL,106,K,-0.17056095600128174
parental,VL,107,T,-9.619409561157227
parental,VL,108,V,-10.517450332641602
parental,VL,109,V,-0.5934129357337952
parental,VL,110,L,-7.346485614776611
parental,VL,111,G,-11.961349487304688
sapiens,VH,1,Q,-0.002959873527288437
sapiens,VH,2,V,-0.740606963634491
sapiens,VH,3,Q,-0.10146733373403549
sapiens,VH,4,L,-0.032197222113609314
sapiens,VH,5,V,-2.1763434410095215
sapiens,VH,6,Q,-0.005999650806188583
sapiens,VH,7,S,-0.007869194261729717
sapiens,VH,8,G,-0.02065132185816765
sapiens,VH,9,P,-2.2002756595611572
sapiens,VH,10,E,-0.028884725645184517
sapiens,VH,11,L,-0.1293374001979828
sapiens,VH,12,K,-0.5488747954368591
sapiens,VH,13,K,-0.17988616228103638
sapiens,VH,14,P,-0.021712573245167732
sapiens,VH,15,G,-0.00239205127581954
sapiens,VH,16,A,-0.01732618547976017
sapiens,VH,17,S,-0.11282788217067719
sapiens,VH,18,V,-0.009770311415195465
sapiens,VH,19,K,-0.07073446363210678
sapiens,VH,20,V,-2.7806968688964844
sapiens,VH,21,S,-0.006877677980810404
sapiens,VH,22,C,-0.0019229032332077622
sapiens,VH,23,K,-0.04145335778594017
sapiens,VH,24,A,-0.0805770605802536
sapiens,VH,25,S,-0.009158741682767868
sapiens,VH,26,G,-0.01444525271654129
sapiens,VH,27,Y,-0.009133699350059032
sapiens,VH,28,T,-0.14850743114948273
sapiens,VH,29,F,-0.005199718754738569
sapiens,VH,30,T,-0.09088404476642609
sapiens,VH,31,D,-1.98008131980896
sapiens,VH,32,Y,-0.0444570817053318
sapiens,VH,33,V,-0.9084822535514832
sapiens,VH,34,I,-0.09315669536590576
sapiens,VH,35,N,-0.9797376394271851
sapiens,VH,36,W,-0.001732040662318468
sapiens,VH,37,V,-0.012164570391178131
sapiens,VH,38,R,-1.7091013193130493
sapiens,VH,39,Q,-0.005720197688788176
sapiens,VH,40,A,-0.6667414903640747
sapiens,VH,41,P,-0.08348270505666733
sapiens,VH,42,G,-0.0077287922613322735
sapiens,VH,43,Q,-0.04837484285235405
sapiens,VH,44,G,-0.11525366455316544
sapiens,VH,45,L,-0.01426217146217823
sapiens,VH,46,E,-0.010283580049872398
sapiens,VH,47,W,-0.005394307430833578
sapiens,VH,48,I,-1.53944730758667
sapiens,VH,49,G,-0.3489132821559906
sapiens,VH,50,W,-1.561357855796814
sapiens,VH,51,I,-0.04028141871094704
sapiens,VH,52,N,-4.0926008224487305
sapiens,VH,53,P,-0.06915916502475739
sapiens,VH,54,G,-2.979787826538086
sapiens,VH,55,S,-0.08082547783851624
sapiens,VH,56,G,-0.15129536390304565
sapiens,VH,57,T,-4.318243980407715
sapiens,VH,58,T,-0.12561669945716858
sapiens,VH,59,Y,-2.1477956771850586
sapiens,VH,60,Y,-0.13783904910087585
sapiens,VH,61,A,-2.6686816215515137
sapiens,VH,62,E,-0.25672370195388794
sapiens,VH,63,K,-0.3090183436870575
sapiens,VH,64,F,-0.02058546058833599
sapiens,VH,65,K,-0.15807510912418365
sapiens,VH,66,G,-0.14235751330852509
sapiens,VH,67,R,-3.8655920028686523
sapiens,VH,68,V,-4.558877468109131
sapiens,VH,69,T,-0.049665071070194244
sapiens,VH,70,L,-3.8140621185302734
sapiens,VH,71,T,-0.03644026815891266
sapiens,VH,72,A,-0.07832542806863785
sapiens,VH,73,D,-0.04788144305348396
sapiens,VH,74,K,-0.6761468052864075
sapiens,VH,75,S,-0.036259908229112625
sapiens,VH,76,T,-4.523046493530273
sapiens,VH,77,N,-1.625478982925415
sapiens,VH,78,T,-0.010884556919336319
sapiens,VH,79,A,-0.029518265277147293
sapiens,VH,80,Y,-0.01642574556171894
sapiens,VH,81,M,-0.027745380997657776
sapiens,VH,82,E,-1.8649533987045288
sapiens,VH,83,L,-0.022147461771965027
sapiens,VH,84,S,-0.16803421080112457
sapiens,VH,85,S,-0.03852420672774315
sapiens,VH,86,L,-0.005569298751652241
sapiens,VH,87,T,-0.16233199834823608
sapiens,VH,88,S,-0.0304015651345253
sapiens,VH,89,E,-0.03708328679203987
sapiens,VH,90,D,-0.006153921131044626
sapiens,VH,91,T,-3.8522448539733887
sapiens,VH,92,A,-0.00902891717851162
sapiens,VH,93,V,-0.05108685791492462
sapiens,VH,94,Y,-0.019736573100090027
sapiens,VH,95,F,-0.2117871344089508
sapiens,VH,96,C,-0.006647141650319099
sapiens,VH,97,A,-0.06887489557266235
sapiens,VH,98,R,-0.13234339654445648
sapiens,VH,99,R,-1.923053503036499
sapiens,VH,100,G,-1.168764352798462
sapiens,VH,101,R,-4.7306623458862305
sapiens,VH,102,Y,-1.2568548917770386
sapiens,VH,103,G,-2.8261072635650635
sapiens,VH,104,D,-3.0674006938934326
sapiens,VH,105,Y,-0.2660926580429077
sapiens,VH,106,A,-0.1896289885044098
sapiens,VH,107,M,-0.25117430090904236
sapiens,VH,108,D,-0.034101080149412155
sapiens,VH,109,V,-7.683238506317139
sapiens,VH,110,W,-0.0019051750423386693
sapiens,VH,111,G,-0.004697359632700682
sapiens,VH,112,Q,-0.01211133785545826
sapiens,VH,113,G,-0.002442711964249611
sapiens,VH,114,T,-0.00532269012182951
sapiens,VH,115,L,-7.159548759460449
sapiens,VH,116,V,-0.006806876976042986
sapiens,VH,117,T,-0.006482524797320366
sapiens,VH,118,V,-0.004860253538936377
sapiens,VH,119,S,-0.0064610871486365795
sapiens,VH,120,S,-0.09039713442325592
sapiens,VL,1,Q,-0.0012550819665193558
sapiens,VL,2,S,-0.0026240460574626923
sapiens,VL,3,A,-0.2597501277923584
sapiens,VL,4,L,-0.0033692519646137953
sapiens,VL,5,T,-0.02196485362946987
sapiens,VL,6,Q,-0.0013223483692854643
sapiens,VL,7,P,-0.011673004366457462
sapiens,VL,8,P,-0.011872581206262112
sapiens,VL,9,S,-0.0034852020908147097
sapiens,VL,10,A,-0.1140618771314621
sapiens,VL,11,S,-0.004060239996761084
sapiens,VL,12,G,-0.0055187963880598545
sapiens,VL,13,S,-0.008969255723059177
sapiens,VL,14,P,-0.02612161450088024
sapiens,VL,15,G,-0.0029954109340906143
sapiens,VL,16,Q,-0.00895838625729084
sapiens,VL,17,S,-0.011723785661160946
sapiens,VL,18,V,-0.038306932896375656
sapiens,VL,19,T,-0.07465559244155884
sapiens,VL,20,I,-0.026210105046629906
sapiens,VL,21,S,-0.02221531979739666
sapiens,VL,22,C,-0.002245882526040077
sapiens,VL,23,T,-0.03973463550209999
sapiens,VL,24,G,-0.002575772814452648
sapiens,VL,25,T,-0.05714709684252739
sapiens,VL,26,S,-0.09455456584692001
sapiens,VL,27,S,-0.08535517007112503
sapiens,VL,28,D,-0.0058578010648489
sapiens,VL,29,V,-0.1640147715806961
sapiens,VL,30,G,-0.011503792367875576
sapiens,VL,31,A,-2.405801296234131
sapiens,VL,32,Y,-0.057538487017154694
sapiens,VL,33,N,-0.3220188021659851
sapiens,VL,34,D,-6.3483099937438965
sapiens,VL,35,V,-0.011060829274356365
sapiens,VL,36,S,-0.7451784014701843
sapiens,VL,37,W,-0.0011428022990003228
sapiens,VL,38,Y,-0.02118658274412155
sapiens,VL,39,Q,-0.017496876418590546
sapiens,VL,40,Q,-0.044090647250413895
sapiens,VL,41,Y,-3.297832489013672
sapiens,VL,42,P,-0.04753206670284271
sapiens,VL,43,G,-0.020565958693623543
sapiens,VL,44,K,-0.3765449523925781
sapiens,VL,45,A,-0.054774533957242966
sapiens,VL,46,P,-0.0009357126546092331
sapiens,VL,47,K,-0.03397894650697708
sapiens,VL,48,L,-0.13728198409080505
sapiens,VL,49,L,-0.05966959521174431
sapiens,VL,50,I,-0.014811431989073753
sapiens,VL,51,Y,-0.028796933591365814
sapiens,VL,52,G,-0.06459858268499374
sapiens,VL,53,N,-0.027002232149243355
sapiens,VL,54,S,-0.21540705859661102
sapiens,VL,55,N,-0.022132188081741333
sapiens,VL,56,R,-0.002956307725980878
sapiens,VL,57,P,-0.002279185689985752
sapiens,VL,58,S,-0.003016210161149502
sapiens,VL,59,G,-0.001636000582948327
sapiens,VL,60,V,-0.0019250449258834124
sapiens,VL,61,P,-0.003416774095967412
sapiens,VL,62,D,-0.004087427631020546
sapiens,VL,63,R,-0.0009310677996836603
sapiens,VL,64,F,-0.004047892522066832
sapiens,VL,65,S,-0.002093982184305787
sapiens,VL,66,G,-0.0032261963933706284
sapiens,VL,67,S,-0.002509423065930605
sapiens,VL,68,K,-0.004204956814646721
sapiens,VL,69,S,-0.0016601602546870708
sapiens,VL,70,G,-0.005964220035821199
sapiens,VL,71,T,-0.003838790813460946
sapiens,VL,72,S,-0.0021402565762400627
sapiens,VL,73,A,-0.004159015137702227
sapiens,VL,74,S,-0.002113372553139925
sapiens,VL,75,L,-0.0012086475035175681
sapiens,VL,76,A,-0.002957852790132165
sapiens,VL,77,I,-0.0017953482456505299
sapiens,VL,78,T,-0.004126011859625578
sapiens,VL,79,G,-0.0019740634597837925
sapiens,VL,80,L,-0.0023218835704028606
sapiens,VL,81,Q,-0.002979603596031666
sapiens,VL,82,A,-0.0072447448037564754
sapiens,VL,83,E,-0.006925980560481548
sapiens,VL,84,D,-0.0012388896429911256
sapiens,VL,85,E,-0.002111826092004776
sapiens,VL,86,A,-0.00798734463751316
sapiens,VL,87,D,-0.006802496034651995
sapiens,VL,88,Y,-0.0014067525044083595
sapiens,VL,89,Y,-0.0041948664002120495
sapiens,VL,90,C,-0.002238270128145814
sapiens,VL,91,Q,-0.002234345069155097
sapiens,VL,92,S,-0.00339633971452713
sapiens,VL,93,Y,-0.0046249800361692905
sapiens,VL,94,D,-0.003254238748922944
sapiens,VL,95,S,-0.03909182921051979
sapiens,VL,96,S,-0.014637934044003487
sapiens,VL,97,L,-0.00575694115832448
sapiens,VL,98,S,-0.03693739324808121
sapiens,VL,99,V,-2.460829496383667
sapiens,VL,100,V,-0.6025853157043457
sapiens,VL,101,V,-0.02998795174062252
sapiens,VL,102,F,-0.0028147385455667973
sapiens,VL,103,G,-0.0010524216340854764
sapiens,VL,104,G,-0.015636928379535675
sapiens,VL,105,G,-0.0011262509506195784
sapiens,VL,106,T,-0.0017916593933477998
sapiens,VL,107,K,-0.0034316242672502995
sapiens,VL,108,V,-1.8253194093704224
sapiens,VL,109,T,-0.0021527467761188745
sapiens,VL,110,V,-0.001336158369667828
sapiens,VL,111,L,-0.00014208737411536276
